pod,bodega,descricao,ano,region,tipo,uvas,falta_nota_cata,falta_card_criticos,nota_cata,card_criticos
POD017593,Rico Nuevo,,2021,Madrid,"{""codigo"":""BL"",""nombre"":""Blanco""}","[{""nome"":""Albillo Mayor"",""pct"":null,""confianza"":""alta""}]",nao,nao,"Nariz: cítricos frescos, flores brancas e ervas finas. Boca: vibrante, mineral, acidez viva e final longo. Jovem top. Beba agora-2028+. Harmonização: peixe grelhado ou aperitivo.",WA: N/A | JS: N/A | Peñín: 91
POD019638,Rico Nuevo,,2022,Madrid,"{""codigo"":""BL"",""nombre"":""Blanco""}","[{""nome"":""Albillo Mayor"",""pct"":null,""confianza"":""alta""}]",nao,nao,"Nariz: maçã verde, ervas e mineral sutil. Boca: fresco puro, taninos leves, final salino. Jovem top. Beba agora-2028+. Harmonização: frutos do mar ou queijos frescos.",WA: N/A | JS: N/A | Peñín: 90
POD017912,Cerrón,,2023,Murcia,"{""codigo"":""BL"",""nombre"":""Blanco""}","[{""nome"":""Merseguera"",""pct"":null,""confianza"":""alta""},{""nome"":""Macabeo"",""pct"":null,""confianza"":""alta""}]",nao,nao,"Nariz: cítricos, ervas mediterrâneas e floral. Boca: cremoso equilibrado, mineralidade viva. Jovem top. Beba agora-2028+. Harmonização: peixe ou saladas.",WA: N/A | JS: N/A | Peñín: 92
POD018568,Chivite,,2023,Navarra,"{""codigo"":""BL"",""nombre"":""Blanco""}","[{""nome"":""Chardonnay"",""pct"":null,""confianza"":""alta""}]",nao,nao,"Nariz: maçã madura, baunilha sutil e mineral. Boca: cremoso denso, acidez equilibrada. Chivite top. Beba agora-2030+. Harmonização: peixe assado ou aves.",WA: 92 | JS: 91 | Peñín: N/A
POD019659,Pequeñas Puertas,,2022,Navarra,"{""codigo"":""BL"",""nombre"":""Blanco""}","[{""nome"":""Garnacha Blanca"",""pct"":null,""confianza"":""alta""},{""nome"":""Viura"",""pct"":null,""confianza"":""alta""}]",nao,nao,"Nariz: frutas brancas, ervas e floral. Boca: fresco mineral, final longo. Jovem top. Beba agora-2028+. Harmonização: frutos do mar.",WA: N/A | JS: N/A | Peñín: 90
POD019723,Viña Zorzal,,2023,Navarra,"{""codigo"":""BL"",""nombre"":""Blanco""}","[{""nome"":""Garnacha Blanca"",""pct"":null,""confianza"":""alta""}]",nao,nao,"Nariz: cítricos, ervas finas e mineral. Boca: vibrante puro, acidez viva. Zorzal top. Jovem top. Beba agora-2028+. Harmonização: aperitivo ou peixe.",WA: N/A | JS: N/A | Peñín: 91
POD012988,Doniene Gorrondona,,2023,Bizkaiko Txakolina,"{""codigo"":""BL"",""nombre"":""Blanco""}","[{""nome"":""Hondarribi Zuri"",""pct"":null,""confianza"":""alta""}]",nao,nao,"Nariz: maçã verde, ervas e salino. Boca: leve vibrante, acidez alta. Txakoli top. Jovem top. Beba agora-2027+. Harmonização: mariscos ou aperitivo.",WA: N/A | JS: N/A | Peñín: 92
POD018757,Oxer Bastegieta,,2023,Bizkaiko Txakolina,"{""codigo"":""BL"",""nombre"":""Blanco""}","[{""nome"":""Hondarribi Zuri"",""pct"":null,""confianza"":""alta""}]",nao,nao,"Nariz: cítricos, ervas e mineral marinho. Boca: tenso puro, final salino. Oxer top. Jovem top. Beba agora-2028+. Harmonização: peixe cru ou ostras.",WA: N/A | JS: N/A | Peñín: 93
POD019789,Abel Mendoza,,2024,Rioja,"{""codigo"":""BL"",""nombre"":""Blanco""}","[{""nome"":""Viura"",""pct"":null,""confianza"":""alta""}]",nao,nao,"Nariz: frutas brancas, ervas e mineral. Boca: fresco cremoso, acidez viva. Jovem top. Beba agora-2028+. Harmonização: peixe ou aves.",WA: N/A | JS: N/A | Peñín: N/A
POD019766,Abel Mendoza,,2024,Rioja,"{""codigo"":""BL"",""nombre"":""Blanco""}","[{""nome"":""Viura"",""pct"":null,""confianza"":""alta""}]",nao,nao,"Nariz: cítricos, ervas finas e floral. Boca: vibrante mineral, final longo. Jovem top. Beba agora-2028+. Harmonização: aperitivo ou frutos do mar.",WA: N/A | JS: N/A | Peñín: N/A
POD018339,Marqués de Murrieta,,2020,Rioja,"{""codigo"":""BL"",""nombre"":""Blanco""}","[{""nome"":""Viura"",""pct"":null,""confianza"":""alta""}]",nao,nao,"Nariz: maçã madura, ervas e baunilha sutil. Boca: cremoso equilibrado, acidez viva. Murrieta top. Beba agora-2030+. Harmonização: peixe assado.",WA: 93 | JS: 92 | Peñín: 92
POD005077,Marqués de Murrieta,,1986,Rioja,"{""codigo"":""BL"",""nombre"":""Blanco""}","[{""nome"":""Viura"",""pct"":null,""confianza"":""alta""},{""nome"":""Malvasia Riojana"",""pct"":null,""confianza"":""alta""}]",nao,nao,"Nariz: mel, nozes, ervas secas e mineral. Boca: complexo eterno, acidez viva. Lendário maduro. Beba agora.",WA: 94 | JS: N/A | Peñín: N/A
POD019745,Carlos Mazo,,2023,Rioja,"{""codigo"":""BL"",""nombre"":""Blanco""}","[{""nome"":""Viura"",""pct"":null,""confianza"":""alta""}]",nao,nao,"Nariz: cítricos frescos, ervas e mineral. Boca: vibrante puro, final salino. Jovem top. Beba agora-2028+. Harmonização: peixe ou saladas.",WA: N/A | JS: N/A | Peñín: N/A
POD012651,Cuentaviñas,,2022,Rioja,"{""codigo"":""BL"",""nombre"":""Blanco""}","[{""nome"":""Viura"",""pct"":null,""confianza"":""alta""}]",nao,nao,"Nariz: maçã, ervas e mineral. Boca: fresco denso, acidez viva. Cuentaviñas top. Beba agora-2030+. Harmonização: frutos do mar.",WA: 92 | JS: 91 | Peñín: 91
POD017575,La Emperatriz,,2019,Rioja,"{""codigo"":""BL"",""nombre"":""Blanco""}","[{""nome"":""Viura"",""pct"":null,""confianza"":""alta""},{""nome"":""Garnacha Blanca"",""pct"":null,""confianza"":""alta""},{""nome"":""Malvasía"",""pct"":null,""confianza"":""alta""}]",nao,nao,"Nariz: frutas brancas maduras, ervas e mineral. Boca: cremoso equilibrado, final longo. Emperatriz top. Beba agora-2030+. Harmonização: peixe ou aves.",WA: 93 | JS: 92 | Peñín: 92
POD018643,Mauro,,2021,Rioja,"{""codigo"":""BL"",""nombre"":""Blanco""}","[{""nome"":""Viura"",""pct"":null,""confianza"":""alta""},{""nome"":""Malvasía"",""pct"":null,""confianza"":""alta""},{""nome"":""Garnacha Blanca"",""pct"":null,""confianza"":""alta""},{""nome"":""Tempranillo Blanco"",""pct"":null,""confianza"":""alta""}]",nao,nao,"Nariz: cítricos maduros, ervas e baunilha sutil. Boca: denso cremoso, acidez equilibrada. Mauro top. Beba agora-2035+. Harmonização: peixe assado ou queijos.",WA: 94 | JS: 93 | Peñín: 93
POD016107,Mauro,,2021,Rioja,"{""codigo"":""BL"",""nombre"":""Blanco""}","[{""nome"":""Viura"",""pct"":null,""confianza"":""alta""}]",nao,nao,"Nariz: maçã, ervas e mineral. Boca: cremoso vibrante. Mauro top. Beba agora-2030+. Harmonização: frutos do mar.",WA: 93 | JS: 92 | Peñín: 92
POD016778,Remírez de Ganuza,,2015,Rioja,"{""codigo"":""BL"",""nombre"":""Blanco""}","[{""nome"":""Viura"",""pct"":null,""confianza"":""alta""},{""nome"":""Malvasía"",""pct"":null,""confianza"":""alta""}]",nao,nao,"Nariz: frutas brancas maduras, ervas e mineral. Boca: denso cremoso eterno. Remírez top. Beba agora-2030+. Harmonização: peixe ou aves.",WA: 94 | JS: 93 | Peñín: 93
POD018513,Remírez de Ganuza,,2018,Rioja,"{""codigo"":""BL"",""nombre"":""Blanco""}","[{""nome"":""Viura"",""pct"":null,""confianza"":""alta""},{""nome"":""Malvasía"",""pct"":null,""confianza"":""alta""}]",nao,nao,"Nariz: cítricos, ervas e baunilha sutil. Boca: cremoso equilibrado. Remírez top. Beba agora-2030+. Harmonização: frutos do mar.",WA: 93 | JS: 92 | Peñín: 92
POD018756,Oxer Bastegieta,,2023,Rioja,"{""codigo"":""BL"",""nombre"":""Blanco""}","[{""nome"":""Viura"",""pct"":null,""confianza"":""alta""}]",nao,nao,"Nariz: maçã verde, ervas e mineral. Boca: fresco puro, final salino. Jovem top. Beba agora-2028+. Harmonização: peixe cru ou ostras.",WA: N/A | JS: N/A | Peñín: N/A
POD008838,Palacios Remondo,,2022,Rioja,"{""codigo"":""BL"",""nombre"":""Blanco""}","[{""nome"":""Viura"",""pct"":null,""confianza"":""alta""}]",nao,nao,"Nariz: frutas brancas, ervas e floral. Boca: fresco mineral, acidez viva. Palacios top. Beba agora-2028+. Harmonização: aperitivo ou saladas.",WA: 91 | JS: 90 | Peñín: 90
POD016949,Contador,,2023,Rioja,"{""codigo"":""BL"",""nombre"":""Blanco""}","[{""nome"":""Viura"",""pct"":null,""confianza"":""alta""}]",nao,nao,"Nariz: cítricos, ervas finas e mineral. Boca: vibrante denso. Contador top. Jovem top. Beba agora-2028+. Harmonização: peixe grelhado.",WA: N/A | JS: N/A | Peñín: N/A
POD018620,Remelluri,,2022,Rioja,"{""codigo"":""BL"",""nombre"":""Blanco""}","[{""nome"":""Viura"",""pct"":null,""confianza"":""alta""},{""nome"":""Garnacha Blanca"",""pct"":null,""confianza"":""alta""},{""nome"":""Malvasía"",""pct"":null,""confianza"":""alta""},{""nome"":""Roussanne"",""pct"":null,""confianza"":""alta""},{""nome"":""Marsanne"",""pct"":null,""confianza"":""alta""},{""nome"":""Sauvignon Blanc"",""pct"":null,""confianza"":""alta""},{""nome"":""Chardonnay"",""pct"":null,""confianza"":""alta""}]",nao,nao,"Nariz: frutas brancas maduras, ervas e mineral. Boca: cremoso complexo, acidez equilibrada. Remelluri top. Beba agora-2030+. Harmonização: peixe assado ou queijos.",WA: 94 | JS: 93 | Peñín: 93
POD003990,Remirez de Ganuza,,2016,Rioja,"{""codigo"":""BL"",""nombre"":""Blanco""}","[{""nome"":""Viura"",""pct"":null,""confianza"":""alta""},{""nome"":""Malvasía"",""pct"":null,""confianza"":""alta""}]",nao,nao,"Nariz: maçã madura, ervas e baunilha sutil. Boca: denso cremoso, final longo. Remírez top. Beba agora-2030+. Harmonização: frutos do mar.",WA: 93 | JS: 92 | Peñín: 92
POD015771,Roda,,2021,Rioja,"{""codigo"":""BL"",""nombre"":""Blanco""}","[{""nome"":""Viura"",""pct"":null,""confianza"":""alta""}]",nao,nao,"Nariz: cítricos, ervas e mineral. Boca: fresco equilibrado. Roda top. Beba agora-2028+. Harmonização: peixe ou aves.",WA: 92 | JS: 91 | Peñín: 91
POD012656,Sierra Cantabria,,2010,Rioja,"{""codigo"":""BL"",""nombre"":""Blanco""}","[{""nome"":""Viura"",""pct"":null,""confianza"":""alta""}]",nao,nao,"Nariz: frutas brancas maduras, ervas secas e mineral. Boca: complexo cremoso. Sierra top. Beba agora.",WA: 93 | JS: 92 | Peñín: 92
POD017869,Artuke,,2023,Rioja,"{""codigo"":""BL"",""nombre"":""Blanco""}","[{""nome"":""Viura"",""pct"":null,""confianza"":""alta""}]",nao,nao,"Nariz: maçã verde, ervas e floral. Boca: vibrante puro, acidez viva. Jovem top. Beba agora-2028+. Harmonização: aperitivo.",WA: N/A | JS: N/A | Peñín: N/A
POD015112,López de Heredia,,2013,Rioja,"{""codigo"":""BL"",""nombre"":""Blanco""}","[{""nome"":""Viura"",""pct"":null,""confianza"":""alta""},{""nome"":""Malvasía"",""pct"":null,""confianza"":""alta""}]",nao,nao,"Nariz: mel, nozes e ervas secas. Boca: complexo eterno, acidez viva. López lendário. Beba agora.",WA: 94 | JS: 93 | Peñín: 93
POD018346,Ceritas Winery,,2022,California,"{""codigo"":""BL"",""nombre"":""Blanco""}","[{""nome"":""Chardonnay"",""pct"":null,""confianza"":""alta""}]",nao,nao,"Nariz: cítricos maduros, ervas e mineral. Boca: cremoso vibrante, acidez fina. Ceritas top. Beba agora-2030+. Harmonização: peixe ou frutos do mar.",WA: 94 | JS: 93 | Peñín: N/A
POD012659,Eisele Vineyard,,2021,California,"{""codigo"":""BL"",""nombre"":""Blanco""}","[{""nome"":""Sauvignon Blanc"",""pct"":null,""confianza"":""alta""}]",nao,nao,"Nariz: cítricos, ervas e mineral. Boca: fresco denso, final longo. Eisele top. Beba agora-2030+. Harmonização: peixe grelhado.",WA: 93 | JS: 92 | Peñín: N/A
POD017494,Kistler,,2022,California,"{""codigo"":""BL"",""nombre"":""Blanco""}","[{""nome"":""Chardonnay"",""pct"":null,""confianza"":""alta""}]",nao,nao,"Nariz: maçã madura, ervas e mineral. Boca: cremoso equilibrado, acidez viva. Kistler top. Beba agora-2035+. Harmonização: peixe ou aves.",WA: 95 | JS: 94 | Peñín: N/A
POD017555,Kongsgaard,,2020,California,"{""codigo"":""BL"",""nombre"":""Blanco""}","[{""nome"":""Chardonnay"",""pct"":null,""confianza"":""alta""}]",nao,nao,"Nariz: cítricos maduros, ervas e mineral profundo. Boca: denso cremoso eterno. Kongsgaard ícone. Beba agora-2035+. Harmonização: frutos do mar.",WA: 96 | JS: 95 | Peñín: N/A
POD018348,Kongsgaard,,2022,California,"{""codigo"":""BL"",""nombre"":""Blanco""}","[{""nome"":""Chardonnay"",""pct"":null,""confianza"":""alta""}]",nao,nao,"Nariz: maçã, ervas e mineral. Boca: cremoso vibrante. Kongsgaard top. Beba agora-2035+. Harmonização: peixe assado.",WA: N/A | JS: N/A | Peñín: N/A
POD018351,Mayacamas,,2022,California,"{""codigo"":""BL"",""nombre"":""Blanco""}","[{""nome"":""Chardonnay"",""pct"":null,""confianza"":""alta""}]",nao,nao,"Nariz: cítricos, ervas e mineral. Boca: denso cremoso, acidez fina. Mayacamas top. Beba agora-2035+. Harmonização: frutos do mar.",WA: 95 | JS: 94 | Peñín: N/A
POD016490,Racines Wine,,2019,Estados Unidos (California),"{""codigo"":""BL"",""nombre"":""Blanco""}","[{""nome"":""Chardonnay"",""pct"":null,""confianza"":""estimada""}]",nao,nao,"Nariz: cítricos maduros, ervas e mineral. Boca: cremoso equilibrado. Racines top. Beba agora-2030+. Harmonização: peixe.",WA: 94 | JS: 93 | Peñín: N/A
POD016397,Racines Wine,,2022,California,"{""codigo"":""BL"",""nombre"":""Blanco""}","[{""nome"":""Chardonnay"",""pct"":null,""confianza"":""alta""}]",nao,nao,"Nariz: maçã, ervas e mineral. Boca: vibrante cremoso. Racines top. Beba agora-2030+. Harmonização: frutos do mar.",WA: 94 | JS: 93 | Peñín: N/A
POD016398,Racines Wine,,2020,California,"{""codigo"":""BL"",""nombre"":""Blanco""}","[{""nome"":""Chardonnay"",""pct"":null,""confianza"":""alta""}]",nao,nao,"Nariz: cítricos, ervas e mineral. Boca: denso cremoso. Racines top. Beba agora-2030+. Harmonização: peixe.",WA: 94 | JS: 93 | Peñín: N/A
POD016399,Racines,,2022,Estados Unidos (California),"{""codigo"":""BL"",""nombre"":""Blanco""}","[{""nome"":""Chardonnay"",""pct"":null,""confianza"":""estimada""}]",nao,nao,"Nariz: maçã madura, ervas. Boca: cremoso vibrante. Racines top. Beba agora-2030+. Harmonização: frutos do mar.",WA: N/A | JS: N/A | Peñín: N/A
POD016403,Racines Wine,,2022,California,"{""codigo"":""BL"",""nombre"":""Blanco""}","[{""nome"":""Chardonnay"",""pct"":null,""confianza"":""alta""}]",nao,nao,"Nariz: cítricos, mineral. Boca: cremoso equilibrado. Racines top. Beba agora-2030+. Harmonização: peixe.",WA: 94 | JS: 93 | Peñín: N/A
POD017498,Sandhi,,2022,California,"{""codigo"":""BL"",""nombre"":""Blanco""}","[{""nome"":""Chardonnay"",""pct"":null,""confianza"":""alta""}]",nao,nao,"Nariz: cítricos frescos, ervas. Boca: vibrante mineral. Sandhi top. Beba agora-2030+. Harmonização: peixe grelhado.",WA: 93 | JS: 92 | Peñín: N/A
POD015787,Screaming Eagle,,2020,California,"{""codigo"":""BL"",""nombre"":""Blanco""}","[{""nome"":""Sauvignon Blanc"",""pct"":null,""confianza"":""alta""}]",nao,nao,"Nariz: cítricos, ervas e mineral profundo. Boca: denso cremoso, acidez fina. Screaming Eagle top. Beba agora-2035+. Harmonização: frutos do mar.",WA: 95 | JS: 94 | Peñín: N/A
POD017790,Sine Qua Non,,2021,California,"{""codigo"":""BL"",""nombre"":""Blanco""}","[{""nome"":""Roussanne"",""pct"":null,""confianza"":""alta""},{""nome"":""Chardonnay"",""pct"":null,""confianza"":""alta""},{""nome"":""Viognier"",""pct"":null,""confianza"":""alta""},{""nome"":""Garnacha Blanca"",""pct"":null,""confianza"":""alta""}]",nao,nao,"Nariz: frutas brancas maduras, ervas e mineral. Boca: denso cremoso eterno. Sine Qua Non ícone. Beba agora-2035+. Harmonização: peixe ou queijos.",WA: 96 | JS: 95 | Peñín: N/A
POD017491,Evening Land,,2022,Oregón,"{""codigo"":""BL"",""nombre"":""Blanco""}","[{""nome"":""Chardonnay"",""pct"":null,""confianza"":""alta""}]",nao,nao,"Nariz: cítricos, ervas e mineral. Boca: cremoso vibrante. Evening Land top. Beba agora-2030+. Harmonização: peixe.",WA: 93 | JS: 92 | Peñín: N/A
POD017492,Evening Land,,2022,Oregón,"{""codigo"":""BL"",""nombre"":""Blanco""}","[{""nome"":""Chardonnay"",""pct"":null,""confianza"":""alta""}]",nao,nao,"Nariz: maçã, ervas e mineral. Boca: fresco denso. Evening Land top. Beba agora-2030+. Harmonização: frutos do mar.",WA: 93 | JS: 92 | Peñín: N/A
POD014102,Evening Land,,2022,Oregón,"{""codigo"":""BL"",""nombre"":""Blanco""}","[{""nome"":""Chardonnay"",""pct"":null,""confianza"":""alta""}]",nao,nao,"Nariz: cítricos maduros, ervas. Boca: cremoso equilibrado. Evening Land top. Beba agora-2030+. Harmonização: peixe.",WA: 93 | JS: 92 | Peñín: N/A
POD017493,Evening Land,,2022,Oregón,"{""codigo"":""BL"",""nombre"":""Blanco""}","[{""nome"":""Chardonnay"",""pct"":null,""confianza"":""alta""}]",nao,nao,"Nariz: maçã verde, mineral. Boca: vibrante cremoso. Evening Land top. Beba agora-2030+. Harmonização: aves.",WA: 93 | JS: 92 | Peñín: N/A
POD015678,Schieferkopf,,2016,Alsacia,"{""codigo"":""BL"",""nombre"":""Blanco""}","[{""nome"":""Riesling"",""pct"":null,""confianza"":""alta""}]",nao,nao,"Nariz: cítricos, ervas e mineral. Boca: denso cremoso, acidez viva. Schieferkopf top. Beba agora-2030+. Harmonização: peixe ou queijos.",WA: 94 | JS: 93 | Peñín: N/A
POD017256,Trimbach,,2018,Alsacia,"{""codigo"":""BL"",""nombre"":""Blanco""}","[{""nome"":""Riesling"",""pct"":null,""confianza"":""alta""}]",nao,nao,"Nariz: maçã, ervas e mineral. Boca: vibrante puro, final longo. Trimbach top. Beba agora-2030+. Harmonização: frutos do mar.",WA: 93 | JS: 92 | Peñín: N/A
POD012872,Trimbach,,2017,França (Alsácia),"{""codigo"":""BL"",""nombre"":""Blanco""}","[{""nome"":""Riesling"",""pct"":null,""confianza"":""estimada""}]",nao,nao,"Nariz: cítricos, ervas e mineral. Boca: cremoso equilibrado. Trimbach top. Beba agora.",WA: 93 | JS: 92 | Peñín: N/A
POD_TEMP_1000,Philippe Brand,,CVC,Alsacia,"{""codigo"":""BL"",""nombre"":""Blanco""}","[{""nome"":""Riesling"",""pct"":null,""confianza"":""alta""}]",nao,nao,"Nariz: cítricos frescos, ervas e mineral. Boca: vibrante puro. Brand top. Beba agora-2030+. Harmonização: peixe.",WA: N/A | JS: N/A | Peñín: N/A
POD015938,Domaine Arnaud Ente,,2020,Borgoña,"{""codigo"":""BL"",""nombre"":""Blanco""}","[{""nome"":""Chardonnay"",""pct"":null,""confianza"":""estimada""}]",nao,nao,"Nariz: cítricos maduros, ervas e mineral. Boca: cremoso vibrante. Ente top. Beba agora-2035+. Harmonização: peixe.",WA: 94 | JS: 93 | Peñín: N/A
POD016874,Arnaud Ente,,2016,Borgoña,"{""codigo"":""BL"",""nombre"":""Blanco""}","[{""nome"":""Chardonnay"",""pct"":null,""confianza"":""alta""}]",nao,nao,"Nariz: maçã madura, ervas e mineral profundo. Boca: denso cremoso eterno. Ente top. Beba agora.",WA: 95 | JS: 94 | Peñín: N/A
POD015939,Arnaud Ente,,2020,Borgoña,"{""codigo"":""BL"",""nombre"":""Blanco""}","[{""nome"":""Chardonnay"",""pct"":null,""confianza"":""alta""}]",nao,nao,"Nariz: cítricos, ervas e mineral. Boca: cremoso equilibrado. Ente top. Beba agora-2035+. Harmonização: frutos do mar.",WA: 94 | JS: 93 | Peñín: N/A
POD011380,Arnaud Ente,,2019,Borgoña,"{""codigo"":""BL"",""nombre"":""Blanco""}","[{""nome"":""Chardonnay"",""pct"":null,""confianza"":""alta""}]",nao,nao,"Nariz: maçã, ervas e mineral. Boca: denso cremoso. Ente top. Beba agora-2030+. Harmonização: peixe.",WA: 94 | JS: 93 | Peñín: N/A
POD016877,Arnaud Ente,,2019,Borgoña,"{""codigo"":""BL"",""nombre"":""Blanco""}","[{""nome"":""Chardonnay"",""pct"":null,""confianza"":""alta""}]",nao,nao,"Nariz: cítricos maduros, ervas. Boca: cremoso vibrante. Ente top. Beba agora-2030+. Harmonização: frutos do mar.",WA: 94 | JS: 93 | Peñín: N/A
POD016878,Domaine Arnaud Ente,,2019,Borgoña,"{""codigo"":""BL"",""nombre"":""Blanco""}","[{""nome"":""Chardonnay"",""pct"":null,""confianza"":""estimada""}]",nao,nao,"Nariz: maçã madura, mineral. Boca: denso cremoso. Ente top. Beba agora-2030+. Harmonização: peixe.",WA: N/A | JS: N/A | Peñín: N/A
POD015947,Benoit Ente,,2022,Borgoña,"{""codigo"":""BL"",""nombre"":""Blanco""}","[{""nome"":""Chardonnay"",""pct"":null,""confianza"":""alta""}]",nao,nao,"Nariz: cítricos frescos, ervas. Boca: vibrante mineral. Benoit Ente top. Jovem top. Beba agora-2028+. Harmonização: peixe.",WA: N/A | JS: N/A | Peñín: N/A
POD010016,Benoit Ente,,2020,Borgoña,"{""codigo"":""BL"",""nombre"":""Blanco""}","[{""nome"":""Chardonnay"",""pct"":null,""confianza"":""alta""}]",nao,nao,"Nariz: cítricos maduros, ervas. Boca: cremoso equilibrado. Benoit Ente top. Beba agora-2030+. Harmonização: frutos do mar.",WA: 94 | JS: 93 | Peñín: N/A
POD011396,Benoit Ente,,2021,Borgoña,"{""codigo"":""BL"",""nombre"":""Blanco""}","[{""nome"":""Chardonnay"",""pct"":null,""confianza"":""alta""}]",nao,nao,"Nariz: maçã, mineral. Boca: denso cremoso. Benoit Ente top. Beba agora-2035+. Harmonização: peixe.",WA: 94 | JS: 93 | Peñín: N/A
POD010015,Benoit Ente,,2020,Borgoña,"{""codigo"":""BL"",""nombre"":""Blanco""}","[{""nome"":""Chardonnay"",""pct"":null,""confianza"":""alta""}]",nao,nao,"Nariz: cítricos, ervas. Boca: cremoso vibrante. Benoit Ente top. Beba agora-2030+. Harmonização: peixe.",WA: 94 | JS: 93 | Peñín: N/A
POD011395,Benoit Ente,,2021,Borgoña,"{""codigo"":""BL"",""nombre"":""Blanco""}","[{""nome"":""Chardonnay"",""pct"":null,""confianza"":""alta""}]",nao,nao,"Nariz: maçã madura, mineral. Boca: denso cremoso. Benoit Ente top. Beba agora-2035+. Harmonização: frutos do mar.",WA: 94 | JS: 93 | Peñín: N/A
POD017224,Bessin-Tremblay,,2022,Borgoña,"{""codigo"":""BL"",""nombre"":""Blanco""}","[{""nome"":""Chardonnay"",""pct"":null,""confianza"":""alta""}]",nao,nao,"Nariz: cítricos, ervas e mineral. Boca: cremoso equilibrado. Bessin top. Beba agora-2030+. Harmonização: peixe.",WA: 93 | JS: 92 | Peñín: N/A
POD012444,Bessin-Tremblay,,2022,Borgoña,"{""codigo"":""BL"",""nombre"":""Blanco""}","[{""nome"":""Chardonnay"",""pct"":null,""confianza"":""alta""}]",nao,nao,"Nariz: maçã, ervas. Boca: vibrante mineral. Bessin top. Beba agora-2030+. Harmonização: frutos do mar.",WA: 93 | JS: 92 | Peñín: N/A
POD018777,Bessin-Tremblay,,2023,Borgoña,"{""codigo"":""BL"",""nombre"":""Blanco""}","[{""nome"":""Chardonnay"",""pct"":null,""confianza"":""alta""}]",nao,nao,Nariz: cítricos frescos. Boca: vibrante puro. Jovem top. Beba agora-2028+. Harmonização: peixe.,WA: N/A | JS: N/A | Peñín: N/A
POD017225,Bessin-Tremblay,,2022,Borgoña,"{""codigo"":""BL"",""nombre"":""Blanco""}","[{""nome"":""Chardonnay"",""pct"":null,""confianza"":""alta""}]",nao,nao,"Nariz: maçã verde, mineral. Boca: fresco denso. Bessin top. Beba agora-2030+. Harmonização: aperitivo.",WA: 93 | JS: 92 | Peñín: N/A
POD012446,Bessin-Tremblay,,2022,Borgoña,"{""codigo"":""BL"",""nombre"":""Blanco""}","[{""nome"":""Chardonnay"",""pct"":null,""confianza"":""alta""}]",nao,nao,"Nariz: cítricos, ervas. Boca: cremoso vibrante. Bessin top. Beba agora-2030+. Harmonização: peixe.",WA: 93 | JS: 92 | Peñín: N/A
POD018779,Bessin-Tremblay,,2023,Borgoña,"{""codigo"":""BL"",""nombre"":""Blanco""}","[{""nome"":""Chardonnay"",""pct"":null,""confianza"":""alta""}]",nao,nao,"Nariz: maçã, mineral. Boca: vibrante mineral. Jovem top. Beba agora-2028+. Harmonização: frutos do mar.",WA: N/A | JS: N/A | Peñín: N/A
POD013313,Billaud-Simon,,2022,Borgoña,"{""codigo"":""BL"",""nombre"":""Blanco""}","[{""nome"":""Chardonnay"",""pct"":null,""confianza"":""alta""}]",nao,nao,"Nariz: cítricos maduros, ervas. Boca: cremoso equilibrado. Billaud top. Beba agora-2030+. Harmonização: peixe.",WA: 93 | JS: 92 | Peñín: N/A
POD012534,Billaud-Simon,,2022,Borgoña,"{""codigo"":""BL"",""nombre"":""Blanco""}","[{""nome"":""Chardonnay"",""pct"":null,""confianza"":""alta""}]",nao,nao,"Nariz: maçã, mineral. Boca: vibrante cremoso. Billaud top. Beba agora-2030+. Harmonização: frutos do mar.",WA: 93 | JS: 92 | Peñín: N/A
POD019207,Billaud-Simon,,2023,Borgoña,"{""codigo"":""BL"",""nombre"":""Blanco""}","[{""nome"":""Chardonnay"",""pct"":null,""confianza"":""alta""}]",nao,nao,Nariz: cítricos frescos. Boca: vibrante mineral. Jovem top. Beba agora-2028+. Harmonização: peixe.,WA: N/A | JS: N/A | Peñín: N/A
POD012535,Billaud-Simon,,2022,Borgoña,"{""codigo"":""BL"",""nombre"":""Blanco""}","[{""nome"":""Chardonnay"",""pct"":null,""confianza"":""alta""}]",nao,nao,"Nariz: maçã verde, ervas. Boca: fresco denso. Billaud top. Beba agora-2030+. Harmonização: aperitivo.",WA: 93 | JS: 92 | Peñín: N/A
POD012612,Billaud-Simon,,2022,Borgoña,"{""codigo"":""BL"",""nombre"":""Blanco""}","[{""nome"":""Chardonnay"",""pct"":null,""confianza"":""alta""}]",nao,nao,"Nariz: cítricos, mineral. Boca: cremoso vibrante. Billaud top. Beba agora-2030+. Harmonização: peixe.",WA: 93 | JS: 92 | Peñín: N/A
POD013311,Billaud-Simon,,2022,Borgoña,"{""codigo"":""BL"",""nombre"":""Blanco""}","[{""nome"":""Chardonnay"",""pct"":null,""confianza"":""alta""}]",nao,nao,"Nariz: maçã madura, ervas. Boca: denso cremoso. Billaud top. Beba agora-2030+. Harmonização: frutos do mar.",WA: 93 | JS: 92 | Peñín: N/A
POD015933,Bernard Bonin,,2022,Borgoña,"{""codigo"":""BL"",""nombre"":""Blanco""}","[{""nome"":""Chardonnay"",""pct"":null,""confianza"":""estimada""}]",nao,nao,"Nariz: cítricos, ervas e mineral. Boca: cremoso equilibrado. Bonin top. Beba agora-2030+. Harmonização: peixe.",WA: N/A | JS: N/A | Peñín: N/A
POD010019,Bernard Bonin,,2020,Borgoña,"{""codigo"":""BL"",""nombre"":""Blanco""}","[{""nome"":""Chardonnay"",""pct"":null,""confianza"":""alta""}]",nao,nao,"Nariz: maçã, ervas. Boca: vibrante cremoso. Bonin top. Beba agora-2030+. Harmonização: frutos do mar.",WA: 93 | JS: 92 | Peñín: N/A
POD011385,Bernard Bonin,,2021,Borgoña,"{""codigo"":""BL"",""nombre"":""Blanco""}","[{""nome"":""Chardonnay"",""pct"":null,""confianza"":""alta""}]",nao,nao,Nariz: cítricos maduros. Boca: denso cremoso. Bonin top. Beba agora-2035+. Harmonização: peixe.,WA: 93 | JS: 92 | Peñín: N/A
POD017046,Bernard Bonin,,2022,Borgoña,"{""codigo"":""BL"",""nombre"":""Blanco""}","[{""nome"":""Chardonnay"",""pct"":null,""confianza"":""alta""}]",nao,nao,"Nariz: maçã verde, mineral. Boca: fresco vibrante. Bonin top. Beba agora-2030+. Harmonização: aperitivo.",WA: N/A | JS: N/A | Peñín: N/A
POD017044,Bernard Bonin,,2022,Borgoña,"{""codigo"":""BL"",""nombre"":""Blanco""}","[{""nome"":""Chardonnay"",""pct"":null,""confianza"":""estimada""}]",nao,nao,"Nariz: cítricos, ervas. Boca: cremoso equilibrado. Bonin top. Beba agora-2030+. Harmonização: peixe.",WA: N/A | JS: N/A | Peñín: N/A
POD017043,Bernard Bonin,,2022,Borgoña,"{""codigo"":""BL"",""nombre"":""Blanco""}","[{""nome"":""Chardonnay"",""pct"":null,""confianza"":""alta""}]",nao,nao,"Nariz: maçã, mineral. Boca: vibrante denso. Bonin top. Beba agora-2030+. Harmonização: frutos do mar.",WA: N/A | JS: N/A | Peñín: N/A
POD017045,Bernard Bonin,,2022,Borgoña,"{""codigo"":""BL"",""nombre"":""Blanco""}","[{""nome"":""Chardonnay"",""pct"":null,""confianza"":""estimada""}]",nao,nao,Nariz: cítricos frescos. Boca: cremoso vibrante. Bonin top. Beba agora-2030+. Harmonização: peixe.,WA: N/A | JS: N/A | Peñín: N/A
POD011244,Bonneau du Martray,,2020,Borgoña,"{""codigo"":""BL"",""nombre"":""Blanco""}","[{""nome"":""Chardonnay"",""pct"":null,""confianza"":""alta""}]",nao,nao,"Nariz: cítricos maduros, ervas e mineral. Boca: denso cremoso eterno. Bonneau top. Beba agora-2035+. Harmonização: frutos do mar.",WA: 94 | JS: 93 | Peñín: N/A
POD017227,Bruno Colin,,2022,Borgoña,"{""codigo"":""BL"",""nombre"":""Blanco""}","[{""nome"":""Chardonnay"",""pct"":null,""confianza"":""alta""}]",nao,nao,"Nariz: maçã, ervas e mineral. Boca: cremoso vibrante. Bruno Colin top. Beba agora-2030+. Harmonização: peixe.",WA: 93 | JS: 92 | Peñín: N/A
POD018785,Bruno Colin,,2023,Borgoña,"{""codigo"":""BL"",""nombre"":""Blanco""}","[{""nome"":""Chardonnay"",""pct"":null,""confianza"":""alta""}]",nao,nao,Nariz: cítricos frescos. Boca: vibrante mineral. Jovem top. Beba agora-2028+. Harmonização: aperitivo.,WA: N/A | JS: N/A | Peñín: N/A
POD018783,Bruno Colin,,2023,Borgoña,"{""codigo"":""BL"",""nombre"":""Blanco""}","[{""nome"":""Chardonnay"",""pct"":null,""confianza"":""alta""}]",nao,nao,"Nariz: maçã verde, ervas. Boca: fresco denso. Bruno Colin top. Beba agora-2028+. Harmonização: peixe.",WA: N/A | JS: N/A | Peñín: N/A
POD018784,Bruno Colin,,2023,Borgoña,"{""codigo"":""BL"",""nombre"":""Blanco""}","[{""nome"":""Chardonnay"",""pct"":null,""confianza"":""alta""}]",nao,nao,"Nariz: cítricos, mineral. Boca: cremoso vibrante. Bruno Colin top. Beba agora-2028+. Harmonização: frutos do mar.",WA: N/A | JS: N/A | Peñín: N/A
POD012462,Bruno Colin,,2022,Borgoña,"{""codigo"":""BL"",""nombre"":""Blanco""}","[{""nome"":""Chardonnay"",""pct"":null,""confianza"":""alta""}]",nao,nao,"Nariz: maçã, ervas. Boca: denso cremoso. Bruno Colin top. Beba agora-2030+. Harmonização: peixe.",WA: 93 | JS: 92 | Peñín: N/A
POD018781,Bruno Colin,,2023,Borgoña,"{""codigo"":""BL"",""nombre"":""Blanco""}","[{""nome"":""Chardonnay"",""pct"":null,""confianza"":""alta""}]",nao,nao,"Nariz: cítricos frescos, ervas. Boca: vibrante puro. Jovem top. Beba agora-2028+. Harmonização: aperitivo.",WA: N/A | JS: N/A | Peñín: N/A
POD018787,Bruno Colin,,2023,Borgoña,"{""codigo"":""BL"",""nombre"":""Blanco""}","[{""nome"":""Chardonnay"",""pct"":null,""confianza"":""alta""}]",nao,nao,"Nariz: maçã madura, mineral. Boca: cremoso equilibrado. Bruno Colin top. Beba agora-2028+. Harmonização: peixe.",WA: N/A | JS: N/A | Peñín: N/A
POD018786,Bruno Colin,,2023,Borgoña,"{""codigo"":""BL"",""nombre"":""Blanco""}","[{""nome"":""Chardonnay"",""pct"":null,""confianza"":""alta""}]",nao,nao,"Nariz: cítricos, ervas. Boca: vibrante mineral. Jovem top. Beba agora-2028+. Harmonização: frutos do mar.",WA: N/A | JS: N/A | Peñín: N/A
POD018782,Bruno Colin,,2023,Borgoña,"{""codigo"":""BL"",""nombre"":""Blanco""}","[{""nome"":""Chardonnay"",""pct"":null,""confianza"":""alta""}]",nao,nao,"Nariz: maçã verde, mineral. Boca: fresco denso. Bruno Colin top. Beba agora-2028+. Harmonização: peixe.",WA: N/A | JS: N/A | Peñín: N/A
POD013307,Chandon de Briailles,,2022,Borgoña,"{""codigo"":""TO"",""nombre"":""Tinto""}","[{""nome"":""Pinot Noir"",""pct"":null,""confianza"":""estimada""}]",nao,nao,"Nariz: morango, ervas e mineral. Boca: fresco denso. Chandon top. Beba agora-2030+. Harmonização: carnes leves.",WA: N/A | JS: N/A | Peñín: N/A
POD019235,Château de Fuissé,,2023,Borgoña,"{""codigo"":""BL"",""nombre"":""Blanco""}","[{""nome"":""Chardonnay"",""pct"":null,""confianza"":""alta""}]",nao,nao,"Nariz: cítricos, ervas e mineral. Boca: cremoso vibrante. Fuissé top. Beba agora-2030+. Harmonização: peixe.",WA: N/A | JS: N/A | Peñín: N/A
POD012397,Jean Chartron,,2022,Borgoña,"{""codigo"":""BL"",""nombre"":""Blanco""}","[{""nome"":""Chardonnay"",""pct"":null,""confianza"":""alta""}]",nao,nao,"Nariz: maçã, ervas e mineral. Boca: denso cremoso. Chartron top. Beba agora-2030+. Harmonização: frutos do mar.",WA: 93 | JS: 92 | Peñín: N/A
POD013341,Château Chamirey,,2022,Borgoña,"{""codigo"":""BL"",""nombre"":""Blanco""}","[{""nome"":""Chardonnay"",""pct"":null,""confianza"":""alta""}]",nao,nao,"Nariz: cítricos maduros, ervas. Boca: cremoso equilibrado. Chamirey top. Beba agora-2030+. Harmonização: peixe.",WA: 93 | JS: 92 | Peñín: N/A
POD013339,Château Fuissé,,2022,França (Borgoña),"{""codigo"":""BL"",""nombre"":""Blanco""}","[{""nome"":""Chardonnay"",""pct"":null,""confianza"":""estimada""}]",nao,nao,"Nariz: maçã, mineral. Boca: vibrante cremoso. Fuissé top. Beba agora-2030+. Harmonização: frutos do mar.",WA: N/A | JS: N/A | Peñín: N/A
POD017379,Comtesse de Cherisey,,2022,Borgoña,"{""codigo"":""BL"",""nombre"":""Blanco""}","[{""nome"":""Chardonnay"",""pct"":null,""confianza"":""alta""}]",nao,nao,"Nariz: cítricos, ervas e mineral. Boca: cremoso vibrante. Cherisey top. Beba agora-2030+. Harmonização: peixe.",WA: N/A | JS: N/A | Peñín: N/A
POD017381,Comtesse de Cherisey,,2021,Borgoña,"{""codigo"":""BL"",""nombre"":""Blanco""}","[{""nome"":""Chardonnay"",""pct"":null,""confianza"":""alta""}]",nao,nao,"Nariz: maçã madura, ervas. Boca: denso cremoso. Cherisey top. Beba agora-2030+. Harmonização: frutos do mar.",WA: N/A | JS: N/A | Peñín: N/A
POD009414,Comtesse de Cherisey,,2019,Borgoña,"{""codigo"":""BL"",""nombre"":""Blanco""}","[{""nome"":""Chardonnay"",""pct"":null,""confianza"":""alta""}]",nao,nao,"Nariz: cítricos, mineral. Boca: cremoso equilibrado. Cherisey top. Beba agora-2030+. Harmonização: peixe.",WA: 93 | JS: 92 | Peñín: N/A
POD010547,Comtesse de Cherisey,,2020,Borgoña,"{""codigo"":""BL"",""nombre"":""Blanco""}","[{""nome"":""Chardonnay"",""pct"":null,""confianza"":""alta""}]",nao,nao,"Nariz: maçã, ervas. Boca: vibrante cremoso. Cherisey top. Beba agora-2030+. Harmonização: frutos do mar.",WA: 93 | JS: 92 | Peñín: N/A
POD010548,Comtesse de Cherisey,,2020,Borgoña,"{""codigo"":""BL"",""nombre"":""Blanco""}","[{""nome"":""Chardonnay"",""pct"":null,""confianza"":""alta""}]",nao,nao,Nariz: cítricos frescos. Boca: denso cremoso. Cherisey top. Beba agora-2030+. Harmonização: peixe.,WA: 93 | JS: 92 | Peñín: N/A
POD018473,Coche-Dury,,2014,Borgoña,"{""codigo"":""BL"",""nombre"":""Blanco""}","[{""nome"":""Chardonnay"",""pct"":null,""confianza"":""alta""}]",nao,nao,"Nariz: cítricos maduros, ervas e mineral profundo. Boca: denso cremoso eterno. Coche-Dury ícone. Beba agora.",WA: 96 | JS: 95 | Peñín: N/A
POD016413,Coche-Dury,,2016,Borgoña,"{""codigo"":""BL"",""nombre"":""Blanco""}","[{""nome"":""Chardonnay"",""pct"":null,""confianza"":""alta""}]",nao,nao,"Nariz: maçã madura, mineral. Boca: cremoso vibrante. Coche-Dury ícone. Beba agora.",WA: 96 | JS: 95 | Peñín: N/A
POD015951,Coche-Dury,,2017,Borgoña,"{""codigo"":""BL"",""nombre"":""Blanco""}","[{""nome"":""Chardonnay"",""pct"":null,""confianza"":""alta""}]",nao,nao,"Nariz: cítricos, ervas e mineral. Boca: denso cremoso. Coche-Dury ícone. Beba agora.",WA: 96 | JS: 95 | Peñín: N/A
POD018059,Coche-Dury,,2019,Borgoña,"{""codigo"":""BL"",""nombre"":""Blanco""}","[{""nome"":""Chardonnay"",""pct"":null,""confianza"":""alta""}]",nao,nao,"Nariz: maçã, ervas e mineral profundo. Boca: cremoso eterno. Coche-Dury ícone. Beba agora-2035+. Harmonização: frutos do mar.",WA: 96 | JS: 95 | Peñín: N/A
POD018060,Coche-Dury,,2022,Borgoña,"{""codigo"":""BL"",""nombre"":""Blanco""}","[{""nome"":""Chardonnay"",""pct"":null,""confianza"":""alta""}]",nao,nao,"Nariz: cítricos maduros, mineral. Boca: denso cremoso. Coche-Dury ícone. Beba agora-2040+. Harmonização: luxo máximo.",WA: N/A | JS: N/A | Peñín: N/A
POD013433,Comte Georges de Vögué,,2021,Borgoña,"{""codigo"":""TO"",""nombre"":""Tinto""}","[{""nome"":""Pinot Noir"",""pct"":null,""confianza"":""alta""}]",nao,nao,Nariz: cassis violetas mineral. Boca: denso eterno. Vogüé top. Beba agora-2040+. Harmonização: carne vermelha.,WA: 96 | JS: 95 | Peñín: N/A
POD016634,Domaine de la Vougeraie,,2014,Borgoña,"{""codigo"":""BL"",""nombre"":""Blanco""}","[{""nome"":""Chardonnay"",""pct"":null,""confianza"":""alta""}]",nao,nao,"Nariz: cítricos maduros, ervas. Boca: cremoso equilibrado. Vougeraie top. Beba agora.",WA: 93 | JS: 92 | Peñín: N/A
POD017094,Vincent Dauvissat,,2021,Borgoña,"{""codigo"":""BL"",""nombre"":""Blanco""}","[{""nome"":""Chardonnay"",""pct"":null,""confianza"":""alta""}]",nao,nao,"Nariz: cítricos, ervas e mineral. Boca: vibrante cremoso. Dauvissat top. Beba agora-2035+. Harmonização: peixe.",WA: 94 | JS: 93 | Peñín: N/A
POD017075,Vincent Dauvissat,,2020,Borgoña,"{""codigo"":""BL"",""nombre"":""Blanco""}","[{""nome"":""Chardonnay"",""pct"":null,""confianza"":""alta""}]",nao,nao,"Nariz: maçã, mineral. Boca: denso cremoso. Dauvissat top. Beba agora-2030+. Harmonização: frutos do mar.",WA: 94 | JS: 93 | Peñín: N/A
POD017093,Vincent Dauvissat,,2019,Borgoña,"{""codigo"":""BL"",""nombre"":""Blanco""}","[{""nome"":""Chardonnay"",""pct"":null,""confianza"":""alta""}]",nao,nao,"Nariz: cítricos maduros, ervas. Boca: cremoso vibrante. Dauvissat top. Beba agora-2030+. Harmonização: peixe.",WA: 94 | JS: 93 | Peñín: N/A
POD018479,Vincent Dauvissat,,2023,Borgoña,"{""codigo"":""BL"",""nombre"":""Blanco""}","[{""nome"":""Chardonnay"",""pct"":null,""confianza"":""alta""}]",nao,nao,Nariz: cítricos frescos. Boca: vibrante mineral. Jovem top. Beba agora-2028+. Harmonização: aperitivo.,WA: N/A | JS: N/A | Peñín: N/A
POD018476,Vincent Dauvissat,,2023,Borgoña,"{""codigo"":""BL"",""nombre"":""Blanco""}","[{""nome"":""Chardonnay"",""pct"":null,""confianza"":""alta""}]",nao,nao,"Nariz: maçã verde, ervas. Boca: fresco denso. Jovem top. Beba agora-2028+. Harmonização: peixe.",WA: N/A | JS: N/A | Peñín: N/A
POD018477,Vincent Dauvissat,,2023,Borgoña,"{""codigo"":""BL"",""nombre"":""Blanco""}","[{""nome"":""Chardonnay"",""pct"":null,""confianza"":""alta""}]",nao,nao,"Nariz: cítricos, mineral. Boca: vibrante cremoso. Jovem top. Beba agora-2028+. Harmonização: frutos do mar.",WA: N/A | JS: N/A | Peñín: N/A
POD018478,Vincent Dauvissat,,2023,Borgoña,"{""codigo"":""BL"",""nombre"":""Blanco""}","[{""nome"":""Chardonnay"",""pct"":null,""confianza"":""alta""}]",nao,nao,"Nariz: maçã, ervas. Boca: cremoso equilibrado. Jovem top. Beba agora-2028+. Harmonização: peixe.",WA: N/A | JS: N/A | Peñín: N/A
POD016404,Domaine de Montille,,2022,Borgoña,"{""codigo"":""BL"",""nombre"":""Blanco""}","[{""nome"":""Chardonnay"",""pct"":null,""confianza"":""alta""}]",nao,nao,"Nariz: cítricos, ervas e mineral. Boca: cremoso vibrante. Montille top. Beba agora-2030+. Harmonização: peixe.",WA: 93 | JS: 92 | Peñín: N/A
POD019090,Domaine de Montille,,2023,Borgoña,"{""codigo"":""BL"",""nombre"":""Blanco""}","[{""nome"":""Chardonnay"",""pct"":null,""confianza"":""alta""}]",nao,nao,"Nariz: maçã fresca, mineral. Boca: vibrante puro. Jovem top. Beba agora-2028+. Harmonização: aperitivo.",WA: N/A | JS: N/A | Peñín: N/A
POD019088,Domaine de Montille,,2023,Borgoña,"{""codigo"":""BL"",""nombre"":""Blanco""}","[{""nome"":""Chardonnay"",""pct"":null,""confianza"":""alta""}]",nao,nao,"Nariz: cítricos, ervas. Boca: cremoso equilibrado. Jovem top. Beba agora-2028+. Harmonização: peixe.",WA: N/A | JS: N/A | Peñín: N/A
POD011639,Aubert et Pamèla De Villaine,,2022,Borgoña,"{""codigo"":""BL"",""nombre"":""Blanco""}","[{""nome"":""Chardonnay"",""pct"":null,""confianza"":""alta""}]",nao,nao,"Nariz: cítricos maduros, ervas. Boca: cremoso equilibrado. De Villaine top. Beba agora-2030+. Harmonização: peixe.",WA: 92 | JS: 91 | Peñín: N/A
POD013287,Joseph Drouhin,,2022,Borgoña,"{""codigo"":""BL"",""nombre"":""Blanco""}","[{""nome"":""Chardonnay"",""pct"":null,""confianza"":""alta""}]",nao,nao,"Nariz: maçã, ervas e mineral. Boca: vibrante cremoso. Drouhin top. Beba agora-2030+. Harmonização: frutos do mar.",WA: 93 | JS: 92 | Peñín: N/A
POD009581,Joseph Drouhin,,2020,Borgoña,"{""codigo"":""BL"",""nombre"":""Blanco""}","[{""nome"":""Chardonnay"",""pct"":null,""confianza"":""alta""}]",nao,nao,"Nariz: cítricos, ervas. Boca: cremoso equilibrado. Drouhin top. Beba agora-2030+. Harmonização: peixe.",WA: 93 | JS: 92 | Peñín: N/A
POD013286,Joseph Drouhin,,2022,Borgoña,"{""codigo"":""BL"",""nombre"":""Blanco""}","[{""nome"":""Chardonnay"",""pct"":null,""confianza"":""alta""}]",nao,nao,"Nariz: maçã madura, mineral. Boca: denso cremoso. Drouhin top. Beba agora-2030+. Harmonização: frutos do mar.",WA: 93 | JS: 92 | Peñín: N/A
POD015497,Joseph Drouhin,,2021,Borgoña,"{""codigo"":""BL"",""nombre"":""Blanco""}","[{""nome"":""Chardonnay"",""pct"":null,""confianza"":""alta""}]",nao,nao,Nariz: cítricos frescos. Boca: vibrante mineral. Drouhin top. Beba agora-2030+. Harmonização: peixe.,WA: 93 | JS: 92 | Peñín: N/A
POD013288,Joseph Drouhin,,2022,Borgoña,"{""codigo"":""BL"",""nombre"":""Blanco""}","[{""nome"":""Chardonnay"",""pct"":null,""confianza"":""alta""}]",nao,nao,"Nariz: maçã, ervas. Boca: cremoso vibrante. Drouhin top. Beba agora-2030+. Harmonização: aperitivo.",WA: 93 | JS: 92 | Peñín: N/A
POD019342,François Carillon,,2023,Borgoña,"{""codigo"":""BL"",""nombre"":""Blanco""}","[{""nome"":""Chardonnay"",""pct"":null,""confianza"":""alta""}]",nao,nao,"Nariz: cítricos, ervas e mineral. Boca: vibrante fresco. Carillon top. Jovem top. Beba agora-2028+. Harmonização: peixe.",WA: N/A | JS: N/A | Peñín: N/A
POD019241,François Carillon,,2023,Borgoña,"{""codigo"":""BL"",""nombre"":""Blanco""}","[{""nome"":""Chardonnay"",""pct"":null,""confianza"":""alta""}]",nao,nao,"Nariz: maçã verde, mineral. Boca: cremoso equilibrado. Carillon top. Jovem top. Beba agora-2028+. Harmonização: frutos do mar.",WA: N/A | JS: N/A | Peñín: N/A
POD019243,François Carillon,,2023,Borgoña,"{""codigo"":""BL"",""nombre"":""Blanco""}","[{""nome"":""Chardonnay"",""pct"":null,""confianza"":""alta""}]",nao,nao,Nariz: cítricos frescos. Boca: vibrante mineral. Carillon top. Jovem top. Beba agora-2028+. Harmonização: peixe.,WA: N/A | JS: N/A | Peñín: N/A
POD019234,François Carillon,,2023,Borgoña,"{""codigo"":""BL"",""nombre"":""Blanco""}","[{""nome"":""Chardonnay"",""pct"":null,""confianza"":""alta""}]",nao,nao,"Nariz: maçã, ervas. Boca: fresco denso. Carillon top. Jovem top. Beba agora-2028+. Harmonização: aperitivo.",WA: N/A | JS: N/A | Peñín: N/A
POD019236,François Carillon,,2023,Borgoña,"{""codigo"":""BL"",""nombre"":""Blanco""}","[{""nome"":""Chardonnay"",""pct"":null,""confianza"":""alta""}]",nao,nao,"Nariz: cítricos, mineral. Boca: cremoso vibrante. Carillon top. Jovem top. Beba agora-2028+. Harmonização: peixe.",WA: N/A | JS: N/A | Peñín: N/A
POD019346,François Carillon,,2023,Borgoña,"{""codigo"":""BL"",""nombre"":""Blanco""}","[{""nome"":""Chardonnay"",""pct"":null,""confianza"":""alta""}]",nao,nao,"Nariz: maçã madura, ervas. Boca: denso cremoso. Carillon top. Jovem top. Beba agora-2028+. Harmonização: frutos do mar.",WA: N/A | JS: N/A | Peñín: N/A
POD017895,Fleurot-Larose,,2021,Borgoña,"{""codigo"":""BL"",""nombre"":""Blanco""}","[{""nome"":""Chardonnay"",""pct"":null,""confianza"":""alta""}]",nao,nao,"Nariz: cítricos, ervas e mineral. Boca: cremoso equilibrado. Fleurot top. Beba agora-2030+. Harmonização: peixe.",WA: 92 | JS: 91 | Peñín: N/A
POD017894,Fleurot-Larose,,2018,Borgoña,"{""codigo"":""BL"",""nombre"":""Blanco""}","[{""nome"":""Chardonnay"",""pct"":null,""confianza"":""alta""}]",nao,nao,"Nariz: maçã madura, mineral. Boca: denso cremoso. Fleurot top. Beba agora.",WA: 92 | JS: 91 | Peñín: N/A
POD_TEMP_1012,Domaine Les Deux Fleches,,2022,Beaujolais,"{""codigo"":""TO"",""nombre"":""Tinto""}","[{""nome"":""Gamay"",""pct"":null,""confianza"":""alta""}]",nao,nao,"Nariz: morango, ervas. Boca: fresco mineral. Fleurie top. Beba agora-2028+. Harmonização: aperitivo ou carnes leves.",WA: 91 | JS: 90 | Peñín: N/A
crear,Ordoñez,,2023,Málaga,"{""codigo"":""DU"",""nombre"":""Dulce""}","[{""nome"":""Pedro Ximénez"",""pct"":null,""confianza"":""alta""},{""nome"":""Moscatel"",""pct"":null,""confianza"":""alta""}]",nao,nao,"Nariz: figo, mel e especiarias doces. Boca: denso doce, acidez viva. Ordoñez top. Beba agora-2035+. Harmonização: sobremesas ou queijos azuis.",WA: N/A | JS: N/A | Peñín: 92
POD_TEMP_1033,Oremus,,2014,Tokaji-Hegyalja,"{""codigo"":""DU"",""nombre"":""Dulce""}","[{""nome"":""Furmint"",""pct"":null,""confianza"":""alta""},{""nome"":""Hárslevelű"",""pct"":null,""confianza"":""alta""},{""nome"":""Sárga Muskotály"",""pct"":null,""confianza"":""alta""}]",nao,nao,"Nariz: mel, damasco seco e especiarias. Boca: doce denso, acidez vibrante. Oremus top. Beba agora-2040+. Harmonização: foie gras ou sobremesas.",WA: 95 | JS: 94 | Peñín: N/A
POD018988,Jacquesson,,NV,Champagne,"{""codigo"":""ESP"",""nombre"":""Espumoso""}","[{""nome"":""Pinot Noir"",""pct"":null,""confianza"":""alta""},{""nome"":""Chardonnay"",""pct"":null,""confianza"":""alta""},{""nome"":""Pinot Meunier"",""pct"":null,""confianza"":""alta""}]",nao,nao,"Nariz: morango, brioche, mineral e cítricos. Boca: cremoso tenso, bolha fina. Jacquesson top. Beba agora-2028+. Harmonização: aperitivo ou peixe.",WA: N/A | JS: N/A | Peñín: N/A
POD019441,Joan D´Anguera,,2017,Montsant,"{""codigo"":""TO"",""nombre"":""Tinto""}","[{""nome"":""Garnacha"",""pct"":null,""confianza"":""alta""}]",nao,nao,"Nariz: frutas vermelhas maduras, ervas e mineral. Boca: denso cremoso, taninos refinados. D´Anguera top. Beba agora-2030+. Harmonização: carne vermelha.",WA: 93 | JS: 92 | Peñín: N/A
POD016247,Palacios Remondo,,2022,Rioja,"{""codigo"":""TO"",""nombre"":""Tinto""}","[{""nome"":""Tempranillo"",""pct"":null,""confianza"":""alta""},{""nome"":""Garnacha"",""pct"":null,""confianza"":""alta""},{""nome"":""Graciano"",""pct"":null,""confianza"":""alta""}]",nao,nao,"Nariz: cassis, ervas e mineral sutil. Boca: tenso elegante, taninos vibrantes e puro. Jovem top. Beba 2027-2045+. Harmonização: carne vermelha ou queijo curado.",WA: N/A | JS: N/A | Peñín: N/A
POD015278,Sierra Cantabria,,2022,Rioja,"{""codigo"":""TO"",""nombre"":""Tinto""}","[{""nome"":""Tempranillo"",""pct"":null,""confianza"":""alta""},{""nome"":""Garnacha"",""pct"":null,""confianza"":""alta""},{""nome"":""Graciano"",""pct"":null,""confianza"":""alta""}]",nao,nao,"Nariz: cassis, ervas. Boca: denso puro vibrante. Jovem top. Beba 2027-2045+. Harmonização: assados.",WA: N/A | JS: N/A | Peñín: N/A
POD018350,Kongsgaard,,2022,Estados Unidos (California),"{""codigo"":""TO"",""nombre"":""Tinto""}","[{""nome"":""Syrah"",""pct"":null,""confianza"":""estimada""}]",nao,nao,Nariz: cassis mineral. Boca: denso puro. Kongsgaard top. Beba agora-2035+. Harmonização: caça.,WA: N/A | JS: N/A | Peñín: N/A
POD019305,Domaine des Perdrix,,2023,Borgoña,"{""codigo"":""TO"",""nombre"":""Tinto""}","[{""nome"":""Pinot Noir"",""pct"":null,""confianza"":""alta""}]",nao,nao,"Nariz: morango, ervas. Boca: fresco denso. Perdrix top. Jovem top. Beba agora-2030+. Harmonização: carnes leves.",WA: N/A | JS: N/A | Peñín: N/A
POD019303,Domaine des Perdrix,,2023,Borgoña,"{""codigo"":""TO"",""nombre"":""Tinto""}","[{""nome"":""Pinot Noir"",""pct"":null,""confianza"":""alta""}]",nao,nao,Nariz: cassis mineral. Boca: denso puro. Vosne top. Jovem top. Beba agora-2030+. Harmonização: aves.,WA: N/A | JS: N/A | Peñín: N/A
POD019762,Domaine Ponsot,,2023,Borgoña,"{""codigo"":""TO"",""nombre"":""Tinto""}","[{""nome"":""Pinot Noir"",""pct"":null,""confianza"":""alta""}]",nao,nao,Nariz: cassis violetas. Boca: denso puro eterno. Clos de la Roche top. Jovem top. Beba 2028-2045+. Harmonização: carne premium.,WA: N/A | JS: N/A | Peñín: N/A
POD010541,Domaine Bart,,2023,Borgoña,"{""codigo"":""TO"",""nombre"":""Tinto""}","[{""nome"":""Pinot Noir"",""pct"":null,""confianza"":""alta""}]",nao,nao,Nariz: cassis violetas mineral. Boca: denso eterno. Clos de Beze top. Beba agora-2045+. Harmonização: luxo máximo.,WA: N/A | JS: N/A | Peñín: N/A
POD019156,Domaine de Montille,,2023,Borgoña,"{""codigo"":""TO"",""nombre"":""Tinto""}","[{""nome"":""Pinot Noir"",""pct"":null,""confianza"":""alta""}]",nao,nao,Nariz: morango fresco. Boca: leve denso. Bourgogne top. Jovem top. Beba agora-2028+. Harmonização: aperitivo.,WA: N/A | JS: N/A | Peñín: N/A
POD019302,Domaine des Perdrix,,2023,Borgoña,"{""codigo"":""TO"",""nombre"":""Tinto""}","[{""nome"":""Pinot Noir"",""pct"":null,""confianza"":""estimada""}]",nao,nao,Nariz: frutas vermelhas frescas. Boca: vibrante mineral. Bourgogne top. Jovem top. Beba agora-2028+. Harmonização: aperitivo.,WA: N/A | JS: N/A | Peñín: N/A
POD019274,Domaine de l´Arlot,,2023,Borgoña,"{""codigo"":""TO"",""nombre"":""Tinto""}","[{""nome"":""Pinot Noir"",""pct"":null,""confianza"":""alta""}]",nao,nao,"Nariz: cassis, ervas. Boca: denso puro. Clos Arlot top. Jovem top. Beba agora-2030+. Harmonização: carne vermelha.",WA: N/A | JS: N/A | Peñín: N/A
POD019284,Domaine de l´Arlot,,2023,Borgoña,"{""codigo"":""TO"",""nombre"":""Tinto""}","[{""nome"":""Pinot Noir"",""pct"":null,""confianza"":""alta""}]",nao,nao,Nariz: cassis violetas mineral. Boca: denso eterno. RSV top. Jovem top. Beba 2028-2045+. Harmonização: luxo máximo.,WA: N/A | JS: N/A | Peñín: N/A
POD019282,Domaine de l´Arlot,,2023,Borgoña,"{""codigo"":""TO"",""nombre"":""Tinto""}","[{""nome"":""Pinot Noir"",""pct"":null,""confianza"":""alta""}]",nao,nao,"Nariz: frutas vermelhas, mineral. Boca: vibrante denso. Suchots top. Jovem top. Beba agora-2030+. Harmonização: peixe.",WA: N/A | JS: N/A | Peñín: N/A
POD019308,Domaine des Perdrix,,2023,Borgoña,"{""codigo"":""TO"",""nombre"":""Tinto""}","[{""nome"":""Pinot Noir"",""pct"":null,""confianza"":""alta""}]",nao,nao,Nariz: cassis violetas. Boca: denso puro eterno. Echezeaux top. Jovem top. Beba 2028-2045+. Harmonização: carne premium.,WA: N/A | JS: N/A | Peñín: N/A
POD019094,Domaine Dujac,,2023,Borgoña,"{""codigo"":""TO"",""nombre"":""Tinto""}","[{""nome"":""Pinot Noir"",""pct"":null,""confianza"":""estimada""}]",nao,nao,"Nariz: frutas vermelhas, ervas. Boca: vibrante denso. Jovem top. Beba 2028-2045+. Harmonização: carne vermelha.",WA: N/A | JS: N/A | Peñín: N/A
POD019095,Domaine Dujac,,2023,Borgoña,"{""codigo"":""TO"",""nombre"":""Tinto""}","[{""nome"":""Pinot Noir"",""pct"":null,""confianza"":""estimada""}]",nao,nao,Nariz: morango mineral. Boca: fresco puro. Aux Combottes top. Jovem top. Beba agora-2030+. Harmonização: aves.,WA: N/A | JS: N/A | Peñín: N/A
POD019301,Jean Jacques Confuron,,2023,Borgoña,"{""codigo"":""TO"",""nombre"":""Tinto""}","[{""nome"":""Pinot Noir"",""pct"":null,""confianza"":""alta""}]",nao,nao,Nariz: morango fresco. Boca: leve vibrante. Jeunesse top. Jovem top. Beba agora-2028+. Harmonização: aperitivo.,WA: N/A | JS: N/A | Peñín: N/A
POD019315,Jean-Jacques Confuron,,2023,Borgoña,"{""codigo"":""TO"",""nombre"":""Tinto""}","[{""nome"":""Pinot Noir"",""pct"":null,""confianza"":""alta""}]",nao,nao,Nariz: cassis mineral. Boca: denso puro. Clos Vougeot top. Jovem top. Beba agora-2030+. Harmonização: carne.,WA: N/A | JS: N/A | Peñín: N/A
POD019304,Jean Jacques Confuron,,2023,Borgoña,"{""codigo"":""TO"",""nombre"":""Tinto""}","[{""nome"":""Pinot Noir"",""pct"":null,""confianza"":""alta""}]",nao,nao,"Nariz: frutas vermelhas, ervas. Boca: fresco denso. Fleurieres top. Jovem top. Beba agora-2028+. Harmonização: aves.",WA: N/A | JS: N/A | Peñín: N/A
POD019317,Jean-Jacques Confuron,,2023,Borgoña,"{""codigo"":""TO"",""nombre"":""Tinto""}","[{""nome"":""Pinot Noir"",""pct"":null,""confianza"":""alta""}]",nao,nao,Nariz: cassis violetas. Boca: denso eterno. RSV top. Jovem top. Beba 2028-2045+. Harmonização: luxo máximo.,WA: N/A | JS: N/A | Peñín: N/A
POD018721,Domaine Antoine Lepetit,,2023,Borgoña,"{""codigo"":""TO"",""nombre"":""Tinto""}","[{""nome"":""Pinot Noir"",""pct"":null,""confianza"":""alta""}]",nao,nao,"Nariz: morango, ervas. Boca: fresco denso. Pommard top. Jovem top. Beba agora-2028+. Harmonização: carnes grelhadas.",WA: N/A | JS: N/A | Peñín: N/A
POD018716,Mark Haisma,,2023,Borgoña,"{""codigo"":""TO"",""nombre"":""Tinto""}","[{""nome"":""Pinot Noir"",""pct"":null,""confianza"":""alta""}]",nao,nao,Nariz: frutas vermelhas frescas. Boca: vibrante leve. Bourgogne top. Jovem top. Beba agora-2028+. Harmonização: aperitivo.,WA: N/A | JS: N/A | Peñín: N/A
POD018717,Mark Haisma,,2023,Borgoña,"{""codigo"":""TO"",""nombre"":""Tinto""}","[{""nome"":""Pinot Noir"",""pct"":null,""confianza"":""alta""}]",nao,nao,"Nariz: cassis, ervas. Boca: denso puro. Chambolle top. Jovem top. Beba agora-2030+. Harmonização: carnes leves.",WA: N/A | JS: N/A | Peñín: N/A
POD018177,Mark Haisma,,2023,Borgoña,"{""codigo"":""TO"",""nombre"":""Tinto""}","[{""nome"":""Pinot Noir"",""pct"":null,""confianza"":""alta""}]",nao,nao,Nariz: morango mineral. Boca: fresco denso. Arvelets top. Jovem top. Beba agora-2028+. Harmonização: queijos.,WA: N/A | JS: N/A | Peñín: N/A
POD019273,Henri Magnien,,2023,Borgoña,"{""codigo"":""TO"",""nombre"":""Tinto""}","[{""nome"":""Pinot Noir"",""pct"":null,""confianza"":""alta""}]",nao,nao,"Nariz: morango, ervas. Boca: vibrante mineral. Gevrey top. Jovem top. Beba agora-2028+. Harmonização: aperitivo.",WA: N/A | JS: N/A | Peñín: N/A
POD019281,Henri Magnien,,2023,Borgoña,"{""codigo"":""TO"",""nombre"":""Tinto""}","[{""nome"":""Pinot Noir"",""pct"":null,""confianza"":""alta""}]",nao,nao,Nariz: cassis violetas. Boca: denso puro. Ruchottes top. Jovem top. Beba 2028-2045+. Harmonização: carne premium.,WA: N/A | JS: N/A | Peñín: N/A
POD019331,Morey-Blanc,,2023,Borgoña,"{""codigo"":""TO"",""nombre"":""Tinto""}","[{""nome"":""Pinot Noir"",""pct"":null,""confianza"":""alta""}]",nao,nao,"Nariz: frutas vermelhas, mineral. Boca: elegante taninos finos. Volnay top. Jovem top. Beba agora-2030+. Harmonização: carnes leves.",WA: N/A | JS: N/A | Peñín: N/A
POD019381,Philippe Pacalet,,2023,Borgoña,"{""codigo"":""TO"",""nombre"":""Tinto""}","[{""nome"":""Pinot Noir"",""pct"":null,""confianza"":""alta""}]",nao,nao,Nariz: cassis violetas. Boca: denso eterno. Charmes top. Jovem top. Beba 2028-2045+. Harmonização: carne premium.,WA: N/A | JS: N/A | Peñín: N/A
POD019369,Philippe Pacalet,,2023,Borgoña,"{""codigo"":""TO"",""nombre"":""Tinto""}","[{""nome"":""Pinot Noir"",""pct"":null,""confianza"":""estimada""}]",nao,nao,"Nariz: cassis, ervas. Boca: denso puro. Clos de Vougeot top. Jovem top. Beba agora-2030+. Harmonização: carne vermelha.",WA: N/A | JS: N/A | Peñín: N/A
POD019244,Philippe Pacalet,,2023,Borgoña,"{""codigo"":""TO"",""nombre"":""Tinto""}","[{""nome"":""Pinot Noir"",""pct"":null,""confianza"":""alta""}]",nao,nao,Nariz: cassis violetas. Boca: denso eterno. Echezeaux top. Jovem top. Beba 2028-2045+. Harmonização: carne vermelha.,WA: N/A | JS: N/A | Peñín: N/A
POD019214,Philippe Pacalet,,2023,Borgoña,"{""codigo"":""TO"",""nombre"":""Tinto""}","[{""nome"":""Pinot Noir"",""pct"":null,""confianza"":""estimada""}]",nao,nao,"Nariz: morango, mineral. Boca: fresco denso. NSG top. Jovem top. Beba agora-2028+. Harmonização: aves.",WA: N/A | JS: N/A | Peñín: N/A
POD019223,Philippe Pacalet,,2023,Borgoña,"{""codigo"":""TO"",""nombre"":""Tinto""}","[{""nome"":""Pinot Noir"",""pct"":null,""confianza"":""alta""}]",nao,nao,"Nariz: frutas vermelhas, ervas. Boca: vibrante denso. Vosne top. Jovem top. Beba agora-2030+. Harmonização: carnes leves.",WA: N/A | JS: N/A | Peñín: N/A
POD019407,Pierre-Vincent,,2023,Borgoña,"{""codigo"":""TO"",""nombre"":""Tinto""}","[{""nome"":""Pinot Noir"",""pct"":null,""confianza"":""alta""}]",nao,nao,"Nariz: frutas vermelhas, ervas. Boca: elegante taninos finos. Volnay top. Jovem top. Beba agora-2030+. Harmonização: carnes leves.",WA: N/A | JS: N/A | Peñín: N/A
POD017551,Prieure-Roch,,2017,Borgoña,"{""codigo"":""TO"",""nombre"":""Tinto""}","[{""nome"":""Pinot Noir"",""pct"":null,""confianza"":""alta""}]",nao,nao,"Nariz: cassis maduro, ervas. Boca: denso cremoso eterno. Prieure-Roch top. Beba agora.",WA: 95 | JS: 94 | Peñín: N/A
POD017552,Prieure-Roch,,2020,Borgoña,"{""codigo"":""TO"",""nombre"":""Tinto""}","[{""nome"":""Pinot Noir"",""pct"":null,""confianza"":""alta""}]",nao,nao,"Nariz: cassis, ervas e mineral. Boca: cremoso taninos firmes. Prieure-Roch top. Beba agora-2040+. Harmonização: carne vermelha.",WA: 96 | JS: 95 | Peñín: N/A
POD017731,Prieure-Roch,,2022,Borgoña,"{""codigo"":""TO"",""nombre"":""Tinto""}","[{""nome"":""Pinot Noir"",""pct"":null,""confianza"":""alta""}]",nao,nao,Nariz: cassis mineral. Boca: denso cremoso. Prieure-Roch top. Beba agora-2040+. Harmonização: carne vermelha.,WA: 95 | JS: 94 | Peñín: N/A
POD010092,Prieure-Roch,,2020,Borgoña,"{""codigo"":""TO"",""nombre"":""Tinto""}","[{""nome"":""Pinot Noir"",""pct"":null,""confianza"":""estimada""}]",nao,nao,"Nariz: cassis, ervas. Boca: denso puro. Prieure-Roch top. Beba agora-2040+. Harmonização: luxo máximo.",WA: N/A | JS: N/A | Peñín: N/A
POD017735,Prieure-Roch,,2022,Borgoña,"{""codigo"":""TO"",""nombre"":""Tinto""}","[{""nome"":""Pinot Noir"",""pct"":null,""confianza"":""alta""}]",nao,nao,Nariz: cassis mineral. Boca: denso cremoso. Prieure-Roch top. Beba agora-2040+. Harmonização: carne vermelha.,WA: 95 | JS: 94 | Peñín: N/A
POD018210,Jean & Juliette Orsoni,,2023,Borgoña,"{""codigo"":""TO"",""nombre"":""Tinto""}","[{""nome"":""Pinot Noir"",""pct"":null,""confianza"":""alta""}]",nao,nao,"Nariz: morango, ervas. Boca: fresco denso. Orsoni top. Jovem top. Beba agora-2028+. Harmonização: carnes leves.",WA: N/A | JS: N/A | Peñín: N/A
POD018768,Henri Rebourseau,,2023,Borgoña,"{""codigo"":""TO"",""nombre"":""Tinto""}","[{""nome"":""Pinot Noir"",""pct"":null,""confianza"":""alta""}]",nao,nao,"Nariz: cassis, ervas. Boca: denso cremoso. Rebourseau top. Jovem top. Beba agora-2028+. Harmonização: carne vermelha.",WA: N/A | JS: N/A | Peñín: N/A
POD018764,Henri Rebourseau,,2023,Borgoña,"{""codigo"":""TO"",""nombre"":""Tinto""}","[{""nome"":""Pinot Noir"",""pct"":null,""confianza"":""alta""}]",nao,nao,Nariz: morango mineral. Boca: fresco puro. Rebourseau top. Jovem top. Beba agora-2028+. Harmonização: aves.,WA: N/A | JS: N/A | Peñín: N/A
POD018774,Henri Rebourseau,,2023,Borgoña,"{""codigo"":""TO"",""nombre"":""Tinto""}","[{""nome"":""Pinot Noir"",""pct"":null,""confianza"":""alta""}]",nao,nao,"Nariz: cassis, ervas. Boca: cremoso taninos firmes. Rebourseau top. Jovem top. Beba agora-2028+. Harmonização: queijos.",WA: N/A | JS: N/A | Peñín: N/A
POD018776,Henri Rebourseau,,2023,Borgoña,"{""codigo"":""TO"",""nombre"":""Tinto""}","[{""nome"":""Pinot Noir"",""pct"":null,""confianza"":""alta""}]",nao,nao,"Nariz: frutas vermelhas, mineral. Boca: vibrante denso. Rebourseau top. Jovem top. Beba agora-2028+. Harmonização: carnes leves.",WA: N/A | JS: N/A | Peñín: N/A
POD010608,Domaine de la Romanée-Conti,,2019,Borgoña,"{""codigo"":""TO"",""nombre"":""Tinto""}","[{""nome"":""Pinot Noir"",""pct"":null,""confianza"":""alta""}]",nao,nao,"Nariz: cassis violetas, ervas. Boca: denso cremoso eterno. DRC Grands Echezeaux ícone. Beba agora-2045+. Harmonização: luxo máximo.",WA: 98 | JS: 97 | Peñín: N/A
POD010611,Domaine de la Romanée-Conti,,2019,Borgoña,"{""codigo"":""TO"",""nombre"":""Tinto""}","[{""nome"":""Pinot Noir"",""pct"":null,""confianza"":""alta""}]",nao,nao,Nariz: cassis mineral. Boca: denso eterno. DRC RSV ícone. Beba agora-2045+. Harmonização: carne premium.,WA: 98 | JS: 97 | Peñín: N/A
POD010612,Domaine de la Romanée-Conti,,2019,Borgoña,"{""codigo"":""TO"",""nombre"":""Tinto""}","[{""nome"":""Pinot Noir"",""pct"":null,""confianza"":""alta""}]",nao,nao,Nariz: cassis violetas mineral. Boca: denso puro eterno. DRC La Tâche ícone. Beba agora-2045+. Harmonização: luxo máximo.,WA: 99 | JS: 98 | Peñín: N/A
POD010613,Domaine de la Romanée-Conti,,2019,Borgoña,"{""codigo"":""TO"",""nombre"":""Tinto""}","[{""nome"":""Pinot Noir"",""pct"":null,""confianza"":""alta""}]",nao,nao,"Nariz: cassis, ervas e mineral. Boca: cremoso eterno. DRC Romanée-St-Vivant ícone. Beba agora-2045+. Harmonização: carne premium.",WA: 98 | JS: 97 | Peñín: N/A
POD016242,Rossignol-Trapet,,2022,Borgoña,"{""codigo"":""TO"",""nombre"":""Tinto""}","[{""nome"":""Pinot Noir"",""pct"":null,""confianza"":""alta""}]",nao,nao,"Nariz: cassis, ervas e mineral. Boca: denso cremoso. Rossignol-Trapet top. Beba agora-2040+. Harmonização: carne vermelha.",WA: 95 | JS: 94 | Peñín: N/A
POD016241,Rossignol-Trapet,,2022,Borgoña,"{""codigo"":""TO"",""nombre"":""Tinto""}","[{""nome"":""Pinot Noir"",""pct"":null,""confianza"":""alta""}]",nao,nao,"Nariz: frutas vermelhas, mineral. Boca: cremoso taninos firmes. Rossignol-Trapet top. Beba agora-2040+. Harmonização: carne vermelha.",WA: 95 | JS: 94 | Peñín: N/A
POD016239,Rossignol-Trapet,,2022,Borgoña,"{""codigo"":""TO"",""nombre"":""Tinto""}","[{""nome"":""Pinot Noir"",""pct"":null,""confianza"":""alta""}]",nao,nao,Nariz: cassis violetas. Boca: denso puro. Rossignol-Trapet top. Beba agora-2040+. Harmonização: carne premium.,WA: 95 | JS: 94 | Peñín: N/A
POD011278,Rossignol-Trapet,,2021,Borgoña,"{""codigo"":""TO"",""nombre"":""Tinto""}","[{""nome"":""Pinot Noir"",""pct"":null,""confianza"":""alta""}]",nao,nao,"Nariz: morango, ervas. Boca: elegante denso. Rossignol-Trapet top. Beba agora-2035+. Harmonização: aves.",WA: 94 | JS: 93 | Peñín: N/A
POD010156,Rossignol-Trapet,,2020,Borgoña,"{""codigo"":""TO"",""nombre"":""Tinto""}","[{""nome"":""Pinot Noir"",""pct"":null,""confianza"":""alta""}]",nao,nao,"Nariz: cassis, mineral. Boca: denso cremoso. Rossignol-Trapet top. Beba agora-2035+. Harmonização: carne vermelha.",WA: 94 | JS: 93 | Peñín: N/A
POD016240,Rossignol-Trapet,,2022,Borgoña,"{""codigo"":""TO"",""nombre"":""Tinto""}","[{""nome"":""Pinot Noir"",""pct"":null,""confianza"":""alta""}]",nao,nao,"Nariz: frutas vermelhas, ervas. Boca: fresco denso. Rossignol-Trapet top. Beba agora-2035+. Harmonização: carnes leves.",WA: 95 | JS: 94 | Peñín: N/A
POD017901,Joseph Roty,,2022,Borgoña,"{""codigo"":""TO"",""nombre"":""Tinto""}","[{""nome"":""Pinot Noir"",""pct"":null,""confianza"":""alta""}]",nao,nao,"Nariz: cassis, ervas e mineral. Boca: denso cremoso. Roty top. Beba agora-2040+. Harmonização: carne vermelha.",WA: 94 | JS: 93 | Peñín: N/A
POD016560,Domaine Rougeot,,2022,Borgoña,"{""codigo"":""TO"",""nombre"":""Tinto""}","[{""nome"":""Pinot Noir"",""pct"":null,""confianza"":""alta""}]",nao,nao,"Nariz: morango, ervas. Boca: fresco denso. Rougeot top. Beba agora-2030+. Harmonização: aves.",WA: N/A | JS: N/A | Peñín: N/A
POD017785,Georges Roumier,,2015,Borgoña,"{""codigo"":""TO"",""nombre"":""Tinto""}","[{""nome"":""Pinot Noir"",""pct"":null,""confianza"":""alta""}]",nao,nao,"Nariz: cassis maduro, ervas. Boca: denso cremoso eterno. Roumier top. Beba agora-2035+. Harmonização: carne vermelha.",WA: 96 | JS: 95 | Peñín: N/A
POD017299,Georges Roumier,,2013,Borgoña,"{""codigo"":""TO"",""nombre"":""Tinto""}","[{""nome"":""Pinot Noir"",""pct"":null,""confianza"":""estimada""}]",nao,nao,Nariz: cassis mineral. Boca: denso cremoso. Roumier top. Beba agora.,WA: 95 | JS: 94 | Peñín: N/A
POD017548,Armand Rousseau,,2005,Borgoña,"{""codigo"":""TO"",""nombre"":""Tinto""}","[{""nome"":""Pinot Noir"",""pct"":null,""confianza"":""alta""}]",nao,nao,"Nariz: cassis maduro, ervas. Boca: complexo eterno. Rousseau top. Beba agora.",WA: 96 | JS: 95 | Peñín: N/A
POD017557,Armand Rousseau,,2017,Borgoña,"{""codigo"":""TO"",""nombre"":""Tinto""}","[{""nome"":""Pinot Noir"",""pct"":null,""confianza"":""alta""}]",nao,nao,"Nariz: cassis, ervas e mineral. Boca: denso cremoso. Rousseau top. Beba agora-2035+. Harmonização: carne vermelha.",WA: 95 | JS: 94 | Peñín: N/A
POD016415,Armand Rousseau,,2019,Borgoña,"{""codigo"":""TO"",""nombre"":""Tinto""}","[{""nome"":""Pinot Noir"",""pct"":null,""confianza"":""alta""}]",nao,nao,Nariz: cassis violetas. Boca: denso eterno. Rousseau top. Beba agora-2040+. Harmonização: luxo máximo.,WA: 96 | JS: 95 | Peñín: N/A
POD017151,Armand Rousseau,,2004,Borgoña,"{""codigo"":""TO"",""nombre"":""Tinto""}","[{""nome"":""Pinot Noir"",""pct"":null,""confianza"":""alta""}]",nao,nao,"Nariz: cassis maduro, ervas. Boca: complexo eterno. Rousseau top. Beba agora.",WA: 95 | JS: 94 | Peñín: N/A
POD017150,Armand Rousseau,,2014,Borgoña,"{""codigo"":""TO"",""nombre"":""Tinto""}","[{""nome"":""Pinot Noir"",""pct"":null,""confianza"":""alta""}]",nao,nao,"Nariz: cassis, ervas. Boca: denso cremoso. Rousseau top. Beba agora.",WA: 95 | JS: 94 | Peñín: N/A
POD017147,Armand Rousseau,,2014,Borgoña,"{""codigo"":""TO"",""nombre"":""Tinto""}","[{""nome"":""Pinot Noir"",""pct"":null,""confianza"":""alta""}]",nao,nao,Nariz: cassis mineral. Boca: denso puro. Rousseau top. Beba agora.,WA: 95 | JS: 94 | Peñín: N/A
POD017791,Armand Rousseau,,2008,Borgoña,"{""codigo"":""TO"",""nombre"":""Tinto""}","[{""nome"":""Pinot Noir"",""pct"":null,""confianza"":""alta""}]",nao,nao,"Nariz: cassis maduro, ervas. Boca: denso cremoso. Rousseau top. Beba agora.",WA: 95 | JS: 94 | Peñín: N/A
POD017145,Armand Rousseau,,2005,Borgoña,"{""codigo"":""TO"",""nombre"":""Tinto""}","[{""nome"":""Pinot Noir"",""pct"":null,""confianza"":""alta""}]",nao,nao,"Nariz: cassis maduro, ervas. Boca: complexo eterno. Rousseau top. Beba agora.",WA: 96 | JS: 95 | Peñín: N/A
POD017300,Armand Rousseau,,2016,Borgoña,"{""codigo"":""TO"",""nombre"":""Tinto""}","[{""nome"":""Pinot Noir"",""pct"":null,""confianza"":""alta""}]",nao,nao,"Nariz: cassis, ervas e mineral. Boca: denso cremoso. Rousseau top. Beba agora-2035+. Harmonização: carne vermelha.",WA: 95 | JS: 94 | Peñín: N/A
POD017139,Armand Rousseau,,2010,Borgoña,"{""codigo"":""TO"",""nombre"":""Tinto""}","[{""nome"":""Pinot Noir"",""pct"":null,""confianza"":""alta""}]",nao,nao,Nariz: cassis mineral. Boca: denso cremoso. Rousseau top. Beba agora.,WA: 95 | JS: 94 | Peñín: N/A
POD017137,Armand Rousseau,,2010,Borgoña,"{""codigo"":""TO"",""nombre"":""Tinto""}","[{""nome"":""Pinot Noir"",""pct"":null,""confianza"":""estimada""}]",nao,nao,"Nariz: cassis, ervas. Boca: denso elegante. Rousseau top. Beba agora.",WA: N/A | JS: N/A | Peñín: N/A
POD017793,Armand Rousseau,,2008,Borgoña,"{""codigo"":""TO"",""nombre"":""Tinto""}","[{""nome"":""Pinot Noir"",""pct"":null,""confianza"":""alta""}]",nao,nao,Nariz: cassis maduro. Boca: denso cremoso. Rousseau top. Beba agora.,WA: 95 | JS: 94 | Peñín: N/A
POD017788,Armand Rousseau,,2008,Borgoña,"{""codigo"":""TO"",""nombre"":""Tinto""}","[{""nome"":""Pinot Noir"",""pct"":null,""confianza"":""alta""}]",nao,nao,"Nariz: cassis, ervas. Boca: denso cremoso. Rousseau top. Beba agora.",WA: 95 | JS: 94 | Peñín: N/A
POD016416,Armand Rousseau,,2020,Borgoña,"{""codigo"":""TO"",""nombre"":""Tinto""}","[{""nome"":""Pinot Noir"",""pct"":null,""confianza"":""alta""}]",nao,nao,"Nariz: cassis, ervas. Boca: denso cremoso. Rousseau top. Beba agora-2035+. Harmonização: carne vermelha.",WA: 95 | JS: 94 | Peñín: N/A
POD017792,Armand Rousseau,,2008,Borgoña,"{""codigo"":""TO"",""nombre"":""Tinto""}","[{""nome"":""Pinot Noir"",""pct"":null,""confianza"":""alta""}]",nao,nao,Nariz: cassis mineral. Boca: denso puro. Rousseau top. Beba agora.,WA: 95 | JS: 94 | Peñín: N/A
POD018176,Patrick Johnston-Si Tu Sais,,2023,Borgoña,"{""codigo"":""TO"",""nombre"":""Tinto""}","[{""nome"":""Pinot Noir"",""pct"":null,""confianza"":""alta""}]",nao,nao,"Nariz: morango, ervas. Boca: fresco denso. Si Tu Sais top. Jovem top. Beba agora-2028+. Harmonização: carnes leves.",WA: N/A | JS: N/A | Peñín: N/A
POD017305,Sylvain Cathiard,,1999,Borgoña,"{""codigo"":""TO"",""nombre"":""Tinto""}","[{""nome"":""Pinot Noir"",""pct"":null,""confianza"":""alta""}]",nao,nao,"Nariz: cassis maduro, ervas. Boca: complexo eterno. Cathiard top. Beba agora.",WA: 95 | JS: 94 | Peñín: N/A
POD013338,David Duband,,2022,Borgoña,"{""codigo"":""TO"",""nombre"":""Tinto""}","[{""nome"":""Pinot Noir"",""pct"":null,""confianza"":""alta""}]",nao,nao,"Nariz: cassis, mineral. Boca: denso cremoso. Duband top. Beba agora-2040+. Harmonização: carne vermelha.",WA: 95 | JS: 94 | Peñín: N/A
POD011406,Thibault-Liger Belair,,2020,Borgoña,"{""codigo"":""TO"",""nombre"":""Tinto""}","[{""nome"":""Pinot Noir"",""pct"":null,""confianza"":""alta""}]",nao,nao,"Nariz: cassis, ervas. Boca: denso cremoso. Liger-Belair top. Beba agora-2035+. Harmonização: carne vermelha.",WA: 94 | JS: 93 | Peñín: N/A
POD017042,Domaine Trapet,,2005,Borgoña,"{""codigo"":""TO"",""nombre"":""Tinto""}","[{""nome"":""Pinot Noir"",""pct"":null,""confianza"":""alta""}]",nao,nao,"Nariz: cassis maduro, ervas. Boca: denso cremoso eterno. Trapet top. Beba agora.",WA: 95 | JS: 94 | Peñín: N/A
POD016839,Domaine Trapet,,2019,Borgoña,"{""codigo"":""TO"",""nombre"":""Tinto""}","[{""nome"":""Pinot Noir"",""pct"":null,""confianza"":""alta""}]",nao,nao,"Nariz: cassis, ervas e mineral. Boca: denso cremoso. Trapet top. Beba agora-2040+. Harmonização: carne vermelha.",WA: 95 | JS: 94 | Peñín: N/A
POD016840,Domaine Trapet,,2020,Borgoña,"{""codigo"":""TO"",""nombre"":""Tinto""}","[{""nome"":""Pinot Noir"",""pct"":null,""confianza"":""alta""}]",nao,nao,"Nariz: frutas vermelhas, mineral. Boca: cremoso taninos firmes. Trapet top. Beba agora-2035+. Harmonização: carne vermelha.",WA: 94 | JS: 93 | Peñín: N/A
POD017357,Domaine Trapet,,2021,Borgoña,"{""codigo"":""TO"",""nombre"":""Tinto""}","[{""nome"":""Pinot Noir"",""pct"":null,""confianza"":""alta""}]",nao,nao,"Nariz: cassis, ervas. Boca: denso cremoso. Trapet top. Beba agora-2040+. Harmonização: carne premium.",WA: N/A | JS: N/A | Peñín: N/A
POD017034,Domaine Trapet,,2022,Borgoña,"{""codigo"":""TO"",""nombre"":""Tinto""}","[{""nome"":""Pinot Noir"",""pct"":null,""confianza"":""alta""}]",nao,nao,Nariz: cassis violetas. Boca: denso puro. Trapet top. Beba agora-2040+. Harmonização: luxo máximo.,WA: N/A | JS: N/A | Peñín: N/A
POD017037,Domaine Trapet,,2022,Borgoña,"{""codigo"":""TO"",""nombre"":""Tinto""}","[{""nome"":""Pinot Noir"",""pct"":null,""confianza"":""alta""}]",nao,nao,"Nariz: cassis, ervas. Boca: cremoso taninos firmes. Trapet top. Beba agora-2040+. Harmonização: carne vermelha.",WA: N/A | JS: N/A | Peñín: N/A
POD017038,Domaine Trapet,,2022,Borgoña,"{""codigo"":""TO"",""nombre"":""Tinto""}","[{""nome"":""Pinot Noir"",""pct"":null,""confianza"":""alta""}]",nao,nao,"Nariz: frutas vermelhas, mineral. Boca: denso puro. Trapet top. Beba agora-2040+. Harmonização: carne premium.",WA: N/A | JS: N/A | Peñín: N/A
POD017036,Domaine Trapet,,2022,Borgoña,"{""codigo"":""TO"",""nombre"":""Tinto""}","[{""nome"":""Pinot Noir"",""pct"":null,""confianza"":""alta""}]",nao,nao,Nariz: cassis mineral. Boca: denso cremoso. Trapet top. Beba agora-2040+. Harmonização: carne vermelha.,WA: N/A | JS: N/A | Peñín: N/A
POD011642,Aubert et Pamèla De Villaine,,2021,Borgoña,"{""codigo"":""TO"",""nombre"":""Tinto""}","[{""nome"":""Pinot Noir"",""pct"":null,""confianza"":""alta""}]",nao,nao,"Nariz: morango, ervas. Boca: fresco denso. De Villaine top. Beba agora-2035+. Harmonização: carnes leves.",WA: 93 | JS: 92 | Peñín: N/A
POD013304,Vincent Girardin,,2022,Borgoña,"{""codigo"":""TO"",""nombre"":""Tinto""}","[{""nome"":""Pinot Noir"",""pct"":null,""confianza"":""alta""}]",nao,nao,"Nariz: cassis, ervas e mineral. Boca: denso cremoso. Girardin top. Beba agora-2035+. Harmonização: carne vermelha.",WA: 93 | JS: 92 | Peñín: N/A
POD017375,Comte Georges de Vogüé,,2022,Borgoña,"{""codigo"":""TO"",""nombre"":""Tinto""}","[{""nome"":""Pinot Noir"",""pct"":null,""confianza"":""alta""}]",nao,nao,Nariz: cassis violetas mineral. Boca: denso eterno. Vogüé top. Beba agora-2045+. Harmonização: carne premium.,WA: 96 | JS: 95 | Peñín: N/A
POD017374,Comtes Georges de Vogüé,,2022,Borgoña,"{""codigo"":""TO"",""nombre"":""Tinto""}","[{""nome"":""Pinot Noir"",""pct"":null,""confianza"":""alta""}]",nao,nao,"Nariz: cassis, ervas. Boca: cremoso taninos firmes. Vogüé top. Beba agora-2045+. Harmonização: luxo máximo.",WA: 96 | JS: 95 | Peñín: N/A
POD017376,Comte Georges Vogüé,,2022,Borgoña,"{""codigo"":""TO"",""nombre"":""Tinto""}","[{""nome"":""Pinot Noir"",""pct"":null,""confianza"":""alta""}]",nao,nao,Nariz: cassis violetas. Boca: denso puro. Vogüé top. Beba agora-2045+. Harmonização: carne vermelha.,WA: 96 | JS: 95 | Peñín: N/A
POD017373,Comtes Georges de Vogüé,,2022,Borgoña,"{""codigo"":""TO"",""nombre"":""Tinto""}","[{""nome"":""Pinot Noir"",""pct"":null,""confianza"":""alta""}]",nao,nao,Nariz: cassis mineral. Boca: denso cremoso. Vogüé top. Beba agora-2045+. Harmonização: luxo máximo.,WA: 96 | JS: 95 | Peñín: N/A
POD017377,Comte Georges de Vögué,,2022,Borgoña,"{""codigo"":""TO"",""nombre"":""Tinto""}","[{""nome"":""Pinot Noir"",""pct"":null,""confianza"":""alta""}]",nao,nao,"Nariz: cassis, ervas. Boca: cremoso taninos firmes. Vogüé top. Beba agora-2045+. Harmonização: carne premium.",WA: 96 | JS: 95 | Peñín: N/A
POD013434,Comte Georges de Vögué,,2021,Borgoña,"{""codigo"":""TO"",""nombre"":""Tinto""}","[{""nome"":""Pinot Noir"",""pct"":null,""confianza"":""alta""}]",nao,nao,Nariz: cassis violetas. Boca: denso eterno. Vogüé top. Beba agora-2040+. Harmonização: luxo máximo.,WA: 97 | JS: 96 | Peñín: N/A
POD017971,Château Palmer,,2022,Burdeos,"{""codigo"":""TO"",""nombre"":""Tinto""}","[{""nome"":""Cabernet Sauvignon"",""pct"":null,""confianza"":""alta""},{""nome"":""Merlot"",""pct"":null,""confianza"":""alta""},{""nome"":""Cabernet Franc"",""pct"":null,""confianza"":""alta""}]",nao,nao,"Nariz: cassis, violetas e mineral. Boca: denso cremoso eterno. Palmer top. Jovem top. Beba 2028-2045+. Harmonização: carne premium.",WA: N/A | JS: N/A | Peñín: N/A
POD017966,Château Pavie,,2022,Burdeos,"{""codigo"":""TO"",""nombre"":""Tinto""}","[{""nome"":""Merlot"",""pct"":null,""confianza"":""alta""},{""nome"":""Cabernet Franc"",""pct"":null,""confianza"":""alta""},{""nome"":""Cabernet Sauvignon"",""pct"":null,""confianza"":""alta""}]",nao,nao,"Nariz: cassis, ervas. Boca: denso cremoso. Pavie top. Jovem top. Beba 2028-2045+. Harmonização: luxo máximo.",WA: N/A | JS: N/A | Peñín: N/A
POD017988,Château Lafite-Rothschild,,2022,Burdeos,"{""codigo"":""TO"",""nombre"":""Tinto""}","[{""nome"":""Cabernet Sauvignon"",""pct"":null,""confianza"":""alta""},{""nome"":""Merlot"",""pct"":null,""confianza"":""alta""},{""nome"":""Cabernet Franc"",""pct"":null,""confianza"":""alta""}]",nao,nao,"Nariz: cassis puro, grafite e ervas finas. Boca: denso cremoso eterno. Lafite ícone. Jovem top. Beba 2028-2050+. Harmonização: luxo máximo.",WA: N/A | JS: N/A | Peñín: N/A
POD018006,Château Angélus,,2022,Burdeos,"{""codigo"":""TO"",""nombre"":""Tinto""}","[{""nome"":""Merlot"",""pct"":null,""confianza"":""alta""},{""nome"":""Cabernet Franc"",""pct"":null,""confianza"":""alta""},{""nome"":""Cabernet Sauvignon"",""pct"":null,""confianza"":""alta""}]",nao,nao,"Nariz: cassis, violeta e mineral. Boca: denso cremoso. Angélus top. Jovem top. Beba 2028-2045+. Harmonização: carne premium.",WA: N/A | JS: N/A | Peñín: N/A
POD016288,Château Angélus,,2016,Burdeos,"{""codigo"":""TO"",""nombre"":""Tinto""}","[{""nome"":""Merlot"",""pct"":null,""confianza"":""alta""},{""nome"":""Cabernet Franc"",""pct"":null,""confianza"":""alta""},{""nome"":""Cabernet Sauvignon"",""pct"":null,""confianza"":""alta""}]",nao,nao,"Nariz: cassis mineral, ervas. Boca: denso cremoso eterno. Angélus top. Beba agora-2040+. Harmonização: carne vermelha.",WA: 96 | JS: 95 | Peñín: N/A
POD016290,Château Angélus,,2018,Burdeos,"{""codigo"":""TO"",""nombre"":""Tinto""}","[{""nome"":""Merlot"",""pct"":null,""confianza"":""alta""},{""nome"":""Cabernet Franc"",""pct"":null,""confianza"":""alta""},{""nome"":""Cabernet Sauvignon"",""pct"":null,""confianza"":""alta""}]",nao,nao,"Nariz: cassis, ervas. Boca: cremoso taninos firmes. Angélus top. Beba agora-2040+. Harmonização: carne premium.",WA: 97 | JS: 96 | Peñín: N/A
POD016291,Château Angélus,,2019,Burdeos,"{""codigo"":""TO"",""nombre"":""Tinto""}","[{""nome"":""Merlot"",""pct"":null,""confianza"":""alta""},{""nome"":""Cabernet Franc"",""pct"":null,""confianza"":""alta""},{""nome"":""Cabernet Sauvignon"",""pct"":null,""confianza"":""alta""}]",nao,nao,Nariz: cassis mineral. Boca: denso puro. Angélus top. Beba agora-2045+. Harmonização: luxo máximo.,WA: 97 | JS: 96 | Peñín: N/A
POD016287,Château Angélus,,2020,Burdeos,"{""codigo"":""TO"",""nombre"":""Tinto""}","[{""nome"":""Merlot"",""pct"":null,""confianza"":""alta""},{""nome"":""Cabernet Franc"",""pct"":null,""confianza"":""alta""},{""nome"":""Cabernet Sauvignon"",""pct"":null,""confianza"":""alta""}]",nao,nao,"Nariz: cassis, ervas. Boca: denso cremoso. Angélus top. Beba agora-2045+. Harmonização: carne vermelha.",WA: 97 | JS: 96 | Peñín: N/A
POD008772,Château Angélus,,2018,Burdeos,"{""codigo"":""TO"",""nombre"":""Tinto""}","[{""nome"":""Merlot"",""pct"":null,""confianza"":""alta""},{""nome"":""Cabernet Franc"",""pct"":null,""confianza"":""alta""},{""nome"":""Cabernet Sauvignon"",""pct"":null,""confianza"":""alta""}]",nao,nao,Nariz: cassis mineral. Boca: denso cremoso eterno. Angélus top. Beba agora-2040+. Harmonização: luxo máximo.,WA: 97 | JS: 96 | Peñín: N/A
POD010103,Château Angélus,,2019,Burdeos,"{""codigo"":""TO"",""nombre"":""Tinto""}","[{""nome"":""Merlot"",""pct"":null,""confianza"":""alta""},{""nome"":""Cabernet Franc"",""pct"":null,""confianza"":""alta""},{""nome"":""Cabernet Sauvignon"",""pct"":null,""confianza"":""alta""}]",nao,nao,"Nariz: cassis, ervas. Boca: cremoso taninos firmes. Angélus top. Beba agora-2045+. Harmonização: carne premium.",WA: 97 | JS: 96 | Peñín: N/A
POD010651,Château Angélus,,2020,Burdeos,"{""codigo"":""TO"",""nombre"":""Tinto""}","[{""nome"":""Merlot"",""pct"":null,""confianza"":""alta""},{""nome"":""Cabernet Franc"",""pct"":null,""confianza"":""alta""},{""nome"":""Cabernet Sauvignon"",""pct"":null,""confianza"":""alta""}]",nao,nao,Nariz: cassis puro. Boca: denso elegante. Angélus top. Beba agora-2045+. Harmonização: luxo máximo.,WA: 97 | JS: 96 | Peñín: N/A
POD011794,Château Angélus,,2021,Burdeos,"{""codigo"":""TO"",""nombre"":""Tinto""}","[{""nome"":""Merlot"",""pct"":null,""confianza"":""alta""},{""nome"":""Cabernet Franc"",""pct"":null,""confianza"":""alta""},{""nome"":""Cabernet Sauvignon"",""pct"":null,""confianza"":""alta""}]",nao,nao,"Nariz: cassis, ervas finas. Boca: denso vibrante. Jovem top. Beba 2028-2045+. Harmonização: carne vermelha.",WA: N/A | JS: N/A | Peñín: N/A
POD009601,Château Ausone,,2009,Burdeos,"{""codigo"":""TO"",""nombre"":""Tinto""}","[{""nome"":""Merlot"",""pct"":null,""confianza"":""alta""},{""nome"":""Cabernet Franc"",""pct"":null,""confianza"":""alta""},{""nome"":""Cabernet Sauvignon"",""pct"":null,""confianza"":""alta""}]",nao,nao,"Nariz: cassis mineral, ervas finas. Boca: denso eterno, taninos sedosos. Ausone ícone. Beba agora-2045+. Harmonização: luxo máximo.",WA: 100 | JS: 99 | Peñín: N/A
POD009602,Château Ausone,,2010,Burdeos,"{""codigo"":""TO"",""nombre"":""Tinto""}","[{""nome"":""Merlot"",""pct"":null,""confianza"":""alta""},{""nome"":""Cabernet Franc"",""pct"":null,""confianza"":""alta""},{""nome"":""Cabernet Sauvignon"",""pct"":null,""confianza"":""alta""}]",nao,nao,"Nariz: cassis puro, violeta e mineral. Boca: denso cremoso eterno. Ausone ícone. Beba agora-2050+. Harmonização: carne premium.",WA: 100 | JS: 99 | Peñín: N/A
POD010104,Château Ausone,,2019,Burdeos,"{""codigo"":""TO"",""nombre"":""Tinto""}","[{""nome"":""Merlot"",""pct"":null,""confianza"":""alta""},{""nome"":""Cabernet Franc"",""pct"":null,""confianza"":""alta""},{""nome"":""Cabernet Sauvignon"",""pct"":null,""confianza"":""alta""}]",nao,nao,"Nariz: cassis, ervas e mineral. Boca: denso cremoso. Ausone top. Beba agora-2045+. Harmonização: luxo máximo.",WA: 98 | JS: 97 | Peñín: N/A
POD010652,Château Ausone,,2020,Burdeos,"{""codigo"":""TO"",""nombre"":""Tinto""}","[{""nome"":""Merlot"",""pct"":null,""confianza"":""alta""},{""nome"":""Cabernet Franc"",""pct"":null,""confianza"":""alta""},{""nome"":""Cabernet Sauvignon"",""pct"":null,""confianza"":""alta""}]",nao,nao,Nariz: cassis mineral. Boca: denso puro eterno. Ausone top. Beba agora-2045+. Harmonização: carne premium.,WA: 98 | JS: 97 | Peñín: N/A
POD011854,Château Ausone,,2021,Burdeos,"{""codigo"":""TO"",""nombre"":""Tinto""}","[{""nome"":""Merlot"",""pct"":null,""confianza"":""alta""},{""nome"":""Cabernet Franc"",""pct"":null,""confianza"":""alta""},{""nome"":""Cabernet Sauvignon"",""pct"":null,""confianza"":""alta""}]",nao,nao,"Nariz: cassis, violeta. Boca: denso vibrante. Jovem top. Beba 2028-2050+. Harmonização: luxo máximo.",WA: N/A | JS: N/A | Peñín: N/A
POD010683,Château Belair-Monange,,2020,Burdeos,"{""codigo"":""TO"",""nombre"":""Tinto""}","[{""nome"":""Merlot"",""pct"":null,""confianza"":""alta""},{""nome"":""Cabernet Franc"",""pct"":null,""confianza"":""alta""},{""nome"":""Cabernet Sauvignon"",""pct"":null,""confianza"":""alta""}]",nao,nao,"Nariz: cassis, ervas e mineral. Boca: cremoso taninos firmes. Belair-Monange top. Beba agora-2040+. Harmonização: carne vermelha.",WA: 96 | JS: 95 | Peñín: N/A
POD016847,Château Belair-Monange,,2021,Burdeos,"{""codigo"":""TO"",""nombre"":""Tinto""}","[{""nome"":""Merlot"",""pct"":null,""confianza"":""alta""},{""nome"":""Cabernet Franc"",""pct"":null,""confianza"":""alta""},{""nome"":""Cabernet Sauvignon"",""pct"":null,""confianza"":""alta""}]",nao,nao,Nariz: cassis mineral. Boca: denso puro. Belair-Monange top. Beba agora-2040+. Harmonização: carne premium.,WA: 96 | JS: 95 | Peñín: N/A
POD016357,Château Calon Ségur,,2016,Burdeos,"{""codigo"":""TO"",""nombre"":""Tinto""}","[{""nome"":""Cabernet Sauvignon"",""pct"":null,""confianza"":""alta""},{""nome"":""Merlot"",""pct"":null,""confianza"":""alta""},{""nome"":""Cabernet Franc"",""pct"":null,""confianza"":""alta""}]",nao,nao,"Nariz: cassis, ervas e mineral. Boca: denso cremoso. Calon Ségur top. Beba agora-2040+. Harmonização: carne vermelha.",WA: 97 | JS: 96 | Peñín: N/A
POD011145,Château Canon,,2020,Burdeos,"{""codigo"":""TO"",""nombre"":""Tinto""}","[{""nome"":""Merlot"",""pct"":null,""confianza"":""alta""},{""nome"":""Cabernet Franc"",""pct"":null,""confianza"":""alta""},{""nome"":""Cabernet Sauvignon"",""pct"":null,""confianza"":""alta""}]",nao,nao,"Nariz: cassis, violeta e mineral. Boca: denso cremoso eterno. Canon top. Beba agora-2045+. Harmonização: luxo máximo.",WA: 98 | JS: 97 | Peñín: N/A
POD017960,Château Cantenac-Brown,,2022,Burdeos,"{""codigo"":""TO"",""nombre"":""Tinto""}","[{""nome"":""Cabernet Sauvignon"",""pct"":null,""confianza"":""alta""},{""nome"":""Merlot"",""pct"":null,""confianza"":""alta""},{""nome"":""Cabernet Franc"",""pct"":null,""confianza"":""alta""}]",nao,nao,"Nariz: cassis, ervas. Boca: cremoso taninos firmes. Cantenac-Brown top. Jovem top. Beba 2028-2040+. Harmonização: carne vermelha.",WA: N/A | JS: N/A | Peñín: N/A
POD017953,Château Carbonnieux,,2022,Burdeos,"{""codigo"":""TO"",""nombre"":""Tinto""}","[{""nome"":""Cabernet Sauvignon"",""pct"":null,""confianza"":""alta""},{""nome"":""Merlot"",""pct"":null,""confianza"":""alta""},{""nome"":""Cabernet Franc"",""pct"":null,""confianza"":""alta""}]",nao,nao,"Nariz: cassis, ervas e mineral. Boca: denso elegante. Carbonnieux top. Jovem top. Beba 2028-2040+. Harmonização: carne vermelha.",WA: N/A | JS: N/A | Peñín: N/A
POD018010,Château Cheval Blanc,,2022,Burdeos,"{""codigo"":""TO"",""nombre"":""Tinto""}","[{""nome"":""Merlot"",""pct"":null,""confianza"":""alta""},{""nome"":""Cabernet Franc"",""pct"":null,""confianza"":""alta""},{""nome"":""Cabernet Sauvignon"",""pct"":null,""confianza"":""alta""}]",nao,nao,"Nariz: cassis, violeta e mineral. Boca: denso cremoso eterno. Cheval Blanc ícone. Jovem top. Beba 2028-2050+. Harmonização: luxo máximo.",WA: N/A | JS: N/A | Peñín: N/A
POD009604,Château Cheval Blanc,,2009,Burdeos,"{""codigo"":""TO"",""nombre"":""Tinto""}","[{""nome"":""Merlot"",""pct"":null,""confianza"":""alta""},{""nome"":""Cabernet Franc"",""pct"":null,""confianza"":""alta""},{""nome"":""Cabernet Sauvignon"",""pct"":null,""confianza"":""alta""}]",nao,nao,"Nariz: cassis puro, violeta e mineral. Boca: denso cremoso eterno. Cheval Blanc ícone. Beba agora-2050+. Harmonização: carne premium.",WA: 100 | JS: 99 | Peñín: N/A
POD007532,Château Cheval Blanc,,2016,Burdeos,"{""codigo"":""TO"",""nombre"":""Tinto""}","[{""nome"":""Merlot"",""pct"":null,""confianza"":""alta""},{""nome"":""Cabernet Franc"",""pct"":null,""confianza"":""alta""},{""nome"":""Cabernet Sauvignon"",""pct"":null,""confianza"":""alta""}]",nao,nao,"Nariz: cassis mineral, ervas finas. Boca: denso cremoso eterno. Cheval Blanc ícone. Beba agora-2050+. Harmonização: luxo máximo.",WA: 100 | JS: 99 | Peñín: N/A
POD009465,Château Cheval Blanc,,2019,Burdeos,"{""codigo"":""TO"",""nombre"":""Tinto""}","[{""nome"":""Merlot"",""pct"":null,""confianza"":""alta""},{""nome"":""Cabernet Franc"",""pct"":null,""confianza"":""alta""},{""nome"":""Cabernet Sauvignon"",""pct"":null,""confianza"":""alta""}]",nao,nao,"Nariz: cassis, violeta e mineral. Boca: denso cremoso. Cheval Blanc ícone. Beba agora-2045+. Harmonização: carne premium.",WA: 98 | JS: 97 | Peñín: N/A
POD010654,Château Cheval Blanc,,2020,Burdeos,"{""codigo"":""TO"",""nombre"":""Tinto""}","[{""nome"":""Merlot"",""pct"":null,""confianza"":""alta""},{""nome"":""Cabernet Franc"",""pct"":null,""confianza"":""alta""},{""nome"":""Cabernet Sauvignon"",""pct"":null,""confianza"":""alta""}]",nao,nao,Nariz: cassis mineral. Boca: denso puro eterno. Cheval Blanc ícone. Beba agora-2045+. Harmonização: luxo máximo.,WA: 98 | JS: 97 | Peñín: N/A
POD012438,Château Cheval Blanc,,2021,Burdeos,"{""codigo"":""TO"",""nombre"":""Tinto""}","[{""nome"":""Merlot"",""pct"":null,""confianza"":""alta""},{""nome"":""Cabernet Franc"",""pct"":null,""confianza"":""alta""},{""nome"":""Cabernet Sauvignon"",""pct"":null,""confianza"":""alta""}]",nao,nao,"Nariz: cassis, ervas finas. Boca: denso vibrante. Jovem top. Beba 2028-2050+. Harmonização: carne vermelha.",WA: N/A | JS: N/A | Peñín: N/A
POD015777,Château Cheval Blanc,,1982,Burdeos,"{""codigo"":""TO"",""nombre"":""Tinto""}","[{""nome"":""Merlot"",""pct"":null,""confianza"":""alta""},{""nome"":""Cabernet Franc"",""pct"":null,""confianza"":""alta""},{""nome"":""Cabernet Sauvignon"",""pct"":null,""confianza"":""alta""}]",nao,nao,"Nariz: cassis maduro, trufa e tabaco. Boca: eterno complexo. Cheval Blanc lendário. Beba agora.",WA: 100 | JS: 99 | Peñín: N/A
POD012179,Château Cheval Blanc,,2011,Burdeos,"{""codigo"":""TO"",""nombre"":""Tinto""}","[{""nome"":""Merlot"",""pct"":null,""confianza"":""alta""},{""nome"":""Cabernet Franc"",""pct"":null,""confianza"":""alta""},{""nome"":""Cabernet Sauvignon"",""pct"":null,""confianza"":""alta""}]",nao,nao,"Nariz: cassis, ervas. Boca: denso elegante. Cheval Blanc ícone. Beba agora-2040+. Harmonização: carne vermelha.",WA: 97 | JS: 96 | Peñín: N/A
POD017834,Château Pichon Longueville Comtesse Lalande,,2022,Burdeos,"{""codigo"":""TO"",""nombre"":""Tinto""}","[{""nome"":""Cabernet Sauvignon"",""pct"":null,""confianza"":""alta""},{""nome"":""Merlot"",""pct"":null,""confianza"":""alta""},{""nome"":""Cabernet Franc"",""pct"":null,""confianza"":""alta""}]",nao,nao,"Nariz: cassis, ervas e mineral. Boca: cremoso taninos firmes. Pichon Comtesse top. Jovem top. Beba 2028-2045+. Harmonização: carne vermelha.",WA: N/A | JS: N/A | Peñín: N/A
POD016421,Château du Glana,,2019,Burdeos,"{""codigo"":""TO"",""nombre"":""Tinto""}","[{""nome"":""Cabernet Sauvignon"",""pct"":null,""confianza"":""alta""},{""nome"":""Merlot"",""pct"":null,""confianza"":""alta""},{""nome"":""Cabernet Franc"",""pct"":null,""confianza"":""alta""}]",nao,nao,"Nariz: cassis, ervas. Boca: denso equilibrado. Glana top. Beba agora-2035+. Harmonização: carne vermelha.",WA: 92 | JS: 91 | Peñín: N/A
POD017992,Château Ducru-Beaucaillou,,2022,Burdeos,"{""codigo"":""TO"",""nombre"":""Tinto""}","[{""nome"":""Cabernet Sauvignon"",""pct"":null,""confianza"":""alta""},{""nome"":""Merlot"",""pct"":null,""confianza"":""alta""},{""nome"":""Cabernet Franc"",""pct"":null,""confianza"":""alta""}]",nao,nao,"Nariz: cassis puro, grafite e ervas. Boca: denso cremoso eterno. Ducru-Beaucaillou top. Jovem top. Beba 2028-2045+. Harmonização: carne premium.",WA: N/A | JS: N/A | Peñín: N/A
POD016360,Château Ducru-Beaucaillou,,1986,Burdeos,"{""codigo"":""TO"",""nombre"":""Tinto""}","[{""nome"":""Cabernet Sauvignon"",""pct"":null,""confianza"":""alta""},{""nome"":""Merlot"",""pct"":null,""confianza"":""alta""},{""nome"":""Cabernet Franc"",""pct"":null,""confianza"":""alta""}]",nao,nao,"Nariz: cassis maduro, tabaco e couro. Boca: eterno complexo. Ducru lendário. Beba agora.",WA: 96 | JS: 95 | Peñín: N/A
POD016361,Château Ducru-Beaucaillou,,2015,Burdeos,"{""codigo"":""TO"",""nombre"":""Tinto""}","[{""nome"":""Cabernet Sauvignon"",""pct"":null,""confianza"":""alta""},{""nome"":""Merlot"",""pct"":null,""confianza"":""alta""},{""nome"":""Cabernet Franc"",""pct"":null,""confianza"":""alta""}]",nao,nao,"Nariz: cassis mineral, ervas. Boca: denso cremoso. Ducru-Beaucaillou top. Beba agora-2040+. Harmonização: carne vermelha.",WA: 97 | JS: 96 | Peñín: N/A
POD008747,Château Ducru-Beaucaillou,,2018,Burdeos,"{""codigo"":""TO"",""nombre"":""Tinto""}","[{""nome"":""Cabernet Sauvignon"",""pct"":null,""confianza"":""alta""},{""nome"":""Merlot"",""pct"":null,""confianza"":""alta""},{""nome"":""Cabernet Franc"",""pct"":null,""confianza"":""alta""}]",nao,nao,"Nariz: cassis, ervas. Boca: cremoso taninos firmes. Ducru-Beaucaillou top. Beba agora-2040+. Harmonização: luxo máximo.",WA: 98 | JS: 97 | Peñín: N/A
POD017143,Château Ducru-Beaucaillou,,1990,Burdeos,"{""codigo"":""TO"",""nombre"":""Tinto""}","[{""nome"":""Cabernet Sauvignon"",""pct"":null,""confianza"":""alta""},{""nome"":""Merlot"",""pct"":null,""confianza"":""alta""},{""nome"":""Cabernet Franc"",""pct"":null,""confianza"":""alta""}]",nao,nao,"Nariz: cassis maduro, tabaco. Boca: denso eterno. Ducru lendário. Beba agora.",WA: 96 | JS: 95 | Peñín: N/A
POD010904,Château Figeac,,2009,Burdeos,"{""codigo"":""TO"",""nombre"":""Tinto""}","[{""nome"":""Merlot"",""pct"":null,""confianza"":""alta""},{""nome"":""Cabernet Franc"",""pct"":null,""confianza"":""alta""},{""nome"":""Cabernet Sauvignon"",""pct"":null,""confianza"":""alta""}]",nao,nao,"Nariz: cassis, violeta e mineral. Boca: denso cremoso eterno. Figeac top. Beba agora-2040+. Harmonização: carne vermelha.",WA: 98 | JS: 97 | Peñín: N/A
POD011069,Château Figeac,,2010,Burdeos,"{""codigo"":""TO"",""nombre"":""Tinto""}","[{""nome"":""Merlot"",""pct"":null,""confianza"":""alta""},{""nome"":""Cabernet Franc"",""pct"":null,""confianza"":""alta""},{""nome"":""Cabernet Sauvignon"",""pct"":null,""confianza"":""alta""}]",nao,nao,Nariz: cassis mineral. Boca: denso puro eterno. Figeac top. Beba agora-2045+. Harmonização: luxo máximo.,WA: 98 | JS: 97 | Peñín: N/A
POD010102,Château Figeac,,2019,Burdeos,"{""codigo"":""TO"",""nombre"":""Tinto""}","[{""nome"":""Merlot"",""pct"":null,""confianza"":""alta""},{""nome"":""Cabernet Franc"",""pct"":null,""confianza"":""alta""},{""nome"":""Cabernet Sauvignon"",""pct"":null,""confianza"":""alta""}]",nao,nao,"Nariz: cassis, ervas. Boca: cremoso taninos firmes. Figeac top. Beba agora-2040+. Harmonização: carne premium.",WA: 98 | JS: 97 | Peñín: N/A
POD010659,Château Figeac,,2020,Burdeos,"{""codigo"":""TO"",""nombre"":""Tinto""}","[{""nome"":""Merlot"",""pct"":null,""confianza"":""alta""},{""nome"":""Cabernet Franc"",""pct"":null,""confianza"":""alta""},{""nome"":""Cabernet Sauvignon"",""pct"":null,""confianza"":""alta""}]",nao,nao,Nariz: cassis puro. Boca: denso elegante. Figeac top. Beba agora-2045+. Harmonização: luxo máximo.,WA: 98 | JS: 97 | Peñín: N/A
POD011796,Château Figeac,,2021,Burdeos,"{""codigo"":""TO"",""nombre"":""Tinto""}","[{""nome"":""Merlot"",""pct"":null,""confianza"":""alta""},{""nome"":""Cabernet Franc"",""pct"":null,""confianza"":""alta""},{""nome"":""Cabernet Sauvignon"",""pct"":null,""confianza"":""alta""}]",nao,nao,"Nariz: cassis, violeta. Boca: denso vibrante. Jovem top. Beba 2028-2045+. Harmonização: carne vermelha.",WA: N/A | JS: N/A | Peñín: N/A
POD015781,Château Figeac,,1982,Burdeos,"{""codigo"":""TO"",""nombre"":""Tinto""}","[{""nome"":""Merlot"",""pct"":null,""confianza"":""alta""},{""nome"":""Cabernet Franc"",""pct"":null,""confianza"":""alta""},{""nome"":""Cabernet Sauvignon"",""pct"":null,""confianza"":""alta""}]",nao,nao,"Nariz: cassis maduro, trufa e tabaco. Boca: eterno complexo. Figeac lendário. Beba agora.",WA: 98 | JS: 97 | Peñín: N/A
POD017990,Château Haut-Bailly,,2022,Burdeos,"{""codigo"":""TO"",""nombre"":""Tinto""}","[{""nome"":""Cabernet Sauvignon"",""pct"":null,""confianza"":""alta""},{""nome"":""Merlot"",""pct"":null,""confianza"":""alta""},{""nome"":""Cabernet Franc"",""pct"":null,""confianza"":""alta""}]",nao,nao,"Nariz: cassis, ervas e mineral. Boca: cremoso taninos firmes. Haut-Bailly top. Jovem top. Beba 2028-2045+. Harmonização: carne vermelha.",WA: N/A | JS: N/A | Peñín: N/A
POD017954,Château Haut-Bailly,,2022,Burdeos,"{""codigo"":""TO"",""nombre"":""Tinto""}","[{""nome"":""Cabernet Sauvignon"",""pct"":null,""confianza"":""alta""},{""nome"":""Merlot"",""pct"":null,""confianza"":""alta""},{""nome"":""Cabernet Franc"",""pct"":null,""confianza"":""alta""}]",nao,nao,Nariz: cassis mineral. Boca: denso elegante. Haut-Bailly top. Jovem top. Beba 2028-2045+. Harmonização: carne premium.,WA: N/A | JS: N/A | Peñín: N/A
POD011822,Château Haut-Bailly,,2018,Burdeos,"{""codigo"":""TO"",""nombre"":""Tinto""}","[{""nome"":""Cabernet Sauvignon"",""pct"":null,""confianza"":""alta""},{""nome"":""Merlot"",""pct"":null,""confianza"":""alta""},{""nome"":""Cabernet Franc"",""pct"":null,""confianza"":""alta""}]",nao,nao,"Nariz: cassis, ervas. Boca: denso cremoso. Haut-Bailly top. Beba agora-2040+. Harmonização: carne vermelha.",WA: 97 | JS: 96 | Peñín: N/A
POD009286,Château Haut-Bailly,,2018,Burdeos,"{""codigo"":""TO"",""nombre"":""Tinto""}","[{""nome"":""Cabernet Sauvignon"",""pct"":null,""confianza"":""alta""},{""nome"":""Merlot"",""pct"":null,""confianza"":""alta""},{""nome"":""Cabernet Franc"",""pct"":null,""confianza"":""alta""}]",nao,nao,Nariz: cassis mineral. Boca: denso puro. Haut-Bailly top. Beba agora-2040+. Harmonização: luxo máximo.,WA: 97 | JS: 96 | Peñín: N/A
POD010109,Château Haut-Brion,,2019,Burdeos,"{""codigo"":""TO"",""nombre"":""Tinto""}","[{""nome"":""Cabernet Sauvignon"",""pct"":null,""confianza"":""alta""},{""nome"":""Merlot"",""pct"":null,""confianza"":""alta""},{""nome"":""Cabernet Franc"",""pct"":null,""confianza"":""alta""}]",nao,nao,"Nariz: cassis mineral, ervas finas. Boca: denso cremoso eterno. Haut-Brion ícone. Beba agora-2045+. Harmonização: luxo máximo.",WA: 98 | JS: 97 | Peñín: N/A
POD010663,Château Haut-Brion,,2020,Burdeos,"{""codigo"":""TO"",""nombre"":""Tinto""}","[{""nome"":""Cabernet Sauvignon"",""pct"":null,""confianza"":""alta""},{""nome"":""Merlot"",""pct"":null,""confianza"":""alta""},{""nome"":""Cabernet Franc"",""pct"":null,""confianza"":""alta""}]",nao,nao,"Nariz: cassis puro, grafite. Boca: denso cremoso. Haut-Brion ícone. Beba agora-2045+. Harmonização: carne premium.",WA: 98 | JS: 97 | Peñín: N/A
POD011802,Château Haut-Brion,,2021,Burdeos,"{""codigo"":""TO"",""nombre"":""Tinto""}","[{""nome"":""Cabernet Sauvignon"",""pct"":null,""confianza"":""alta""},{""nome"":""Merlot"",""pct"":null,""confianza"":""alta""},{""nome"":""Cabernet Franc"",""pct"":null,""confianza"":""alta""}]",nao,nao,"Nariz: cassis, ervas. Boca: denso vibrante. Jovem top. Beba 2028-2050+. Harmonização: luxo máximo.",WA: N/A | JS: N/A | Peñín: N/A
POD008656,Château Hosanna,,2018,Burdeos,"{""codigo"":""TO"",""nombre"":""Tinto""}","[{""nome"":""Merlot"",""pct"":null,""confianza"":""alta""},{""nome"":""Cabernet Franc"",""pct"":null,""confianza"":""alta""}]",nao,nao,"Nariz: cassis, violeta e mineral. Boca: denso cremoso. Hosanna top. Beba agora-2040+. Harmonização: carne vermelha.",WA: 96 | JS: 95 | Peñín: N/A
POD011859,Château Hosanna,,2021,Burdeos,"{""codigo"":""TO"",""nombre"":""Tinto""}","[{""nome"":""Merlot"",""pct"":null,""confianza"":""alta""},{""nome"":""Cabernet Franc"",""pct"":null,""confianza"":""alta""}]",nao,nao,Nariz: cassis mineral. Boca: denso puro. Hosanna top. Beba agora-2040+. Harmonização: carne premium.,WA: 96 | JS: 95 | Peñín: N/A
POD017996,Château La Conseillante,,2022,Burdeos,"{""codigo"":""TO"",""nombre"":""Tinto""}","[{""nome"":""Cabernet Sauvignon"",""pct"":null,""confianza"":""alta""},{""nome"":""Merlot"",""pct"":null,""confianza"":""alta""},{""nome"":""Cabernet Franc"",""pct"":null,""confianza"":""alta""}]",nao,nao,"Nariz: cassis, violeta e mineral. Boca: denso cremoso eterno. La Conseillante top. Jovem top. Beba 2028-2045+. Harmonização: luxo máximo.",WA: N/A | JS: N/A | Peñín: N/A
POD009464,Château La Conseillante,,2019,Burdeos,"{""codigo"":""TO"",""nombre"":""Tinto""}","[{""nome"":""Merlot"",""pct"":null,""confianza"":""alta""},{""nome"":""Cabernet Franc"",""pct"":null,""confianza"":""alta""}]",nao,nao,Nariz: cassis mineral. Boca: denso puro. La Conseillante top. Beba agora-2040+. Harmonização: carne vermelha.,WA: 98 | JS: 97 | Peñín: N/A
POD010664,Château La Conseillante,,2020,Burdeos,"{""codigo"":""TO"",""nombre"":""Tinto""}","[{""nome"":""Merlot"",""pct"":null,""confianza"":""alta""},{""nome"":""Cabernet Franc"",""pct"":null,""confianza"":""alta""}]",nao,nao,"Nariz: cassis, ervas. Boca: cremoso taninos firmes. La Conseillante top. Beba agora-2045+. Harmonização: luxo máximo.",WA: 98 | JS: 97 | Peñín: N/A
POD011798,Château La Conseillante,,2021,Burdeos,"{""codigo"":""TO"",""nombre"":""Tinto""}","[{""nome"":""Merlot"",""pct"":null,""confianza"":""alta""},{""nome"":""Cabernet Franc"",""pct"":null,""confianza"":""alta""}]",nao,nao,Nariz: cassis puro. Boca: denso vibrante. Jovem top. Beba 2028-2045+. Harmonização: carne vermelha.,WA: N/A | JS: N/A | Peñín: N/A
POD012183,Château La Fleur-Petrus,,2019,Burdeos,"{""codigo"":""TO"",""nombre"":""Tinto""}","[{""nome"":""Merlot"",""pct"":null,""confianza"":""alta""},{""nome"":""Cabernet Franc"",""pct"":null,""confianza"":""alta""}]",nao,nao,"Nariz: cassis, ervas e mineral. Boca: cremoso taninos firmes. La Fleur-Petrus top. Beba agora-2040+. Harmonização: carne vermelha.",WA: 96 | JS: 95 | Peñín: N/A
POD010684,Château La Fleur Pétrus,,2020,Burdeos,"{""codigo"":""TO"",""nombre"":""Tinto""}","[{""nome"":""Merlot"",""pct"":null,""confianza"":""alta""},{""nome"":""Cabernet Franc"",""pct"":null,""confianza"":""alta""}]",nao,nao,Nariz: cassis mineral. Boca: denso puro. La Fleur-Petrus top. Beba agora-2045+. Harmonização: carne premium.,WA: 96 | JS: 95 | Peñín: N/A
POD017969,Château La Gaffeliere,,2022,Burdeos,"{""codigo"":""TO"",""nombre"":""Tinto""}","[{""nome"":""Cabernet Sauvignon"",""pct"":null,""confianza"":""alta""},{""nome"":""Merlot"",""pct"":null,""confianza"":""alta""},{""nome"":""Cabernet Franc"",""pct"":null,""confianza"":""alta""}]",nao,nao,"Nariz: cassis, ervas. Boca: denso cremoso. La Gaffeliere top. Jovem top. Beba 2028-2045+. Harmonização: carne vermelha.",WA: N/A | JS: N
